F;e;l;i;x;s;t;o;w;e; ;R;N;A;S
L;o;n;d;o;n;-;C;r;i;c;k;l;e;w;o;o;d; ;A;e;r;o;d;r;o;m;e
L;o;n;d;o;n;-;C;r;o;y;d;o;n; ;A;i;r;p;o;r;t
K;e;y; ;W;e;s;t; ;H;a;r;b;o;r
B;e;r;c;k;-;S;u;r;-;M;e;r; ;A;i;r;p;o;r;t
S;a;i;n;t;-;I;n;g;l;e;v;e;r;t; ;A;i;r;f;i;e;l;d
D;e;a;r;b;o;r;n;-;F;o;r;d; ;A;i;r;p;o;r;t
K;ö;l;n;-;B;u;t;z;w;e;i;l;e;r;h;o;f; ;A;i;r;f;i;e;l;d
Z;ü;r;i;c;h;-;D;ü;b;e;n;d;o;r;f; ;A;i;r;p;o;r;t
B;r;u;s;s;e;l;-;H;a;r;e;n; ;A;i;r;p;o;r;t
H;e;m;p;s;t;e;a;d;-;R;o;o;s;e;v;e;l;t; ;F;i;e;l;d
B;r;o;o;k;l;a;n;d;s; ;A;i;r;p;o;r;t
T;i;j;u;a;n;a;-;A;g;u;a; ;C;a;l;i;e;n;t;e; ;A;i;r;p;o;r;t
A;l;b;u;q;u;e;r;q;u;e;-;W;e;s;t; ;M;e;s;a; ;A;i;r;p;o;r;t
S;a;l;a;m;a;u;a;/;L;o;g;u;i; ;A;i;r;s;t;r;i;p
P;u;e;r;t;o; ;M;o;n;t;t;-;M;a;r;c;e;l; ;M;a;r;c;h;a;n;t; ;A;i;r;p;o;r;t
R;o;t;t;e;r;d;a;m;-;W;a;a;l;h;a;v;e;n; ;A;i;r;p;o;r;t
M;ü;n;i;c;h;-;O;b;e;r;w;i;e;s;e;n;f;e;l;d; ;A;i;r;p;o;r;t
P;a;r;i;s;-;L;a; ;D;e;f;e;n;s;e; ;H;e;l;i;p;o;r;t
H;e;s;t;o;n; ;A;i;r;p;o;r;t
M;o;s;k;v;a;-;K;h;o;d;y;n;k;a; ;(;F;r;u;n;z;e;); ;C;e;n;t;r;a;l; ;A;e;r;o;d;r;o;m;e
T;r;o;y; ;A;i;r;p;o;r;t
R;o;m;a;-;L;i;d;o; ;d;i; ;O;s;t;i;a; ;S;e;a;p;l;a;n;e; ;B;a;s;e
A;l;e;x;a;n;d;r;i;a; ;S;e;a;p;l;a;n;e; ;B;a;s;e
P;u;e;r;t;o; ;B;o;y;a;c;á; ;A;i;r;p;o;r;t
C;a;m;d;e;n; ;C;e;n;t;r;a;l; ;A;i;r;p;o;r;t
M;a;r;i;g;n;a;n;e;-;B;e;r;r;e; ;S;e;a;p;l;a;n;e; ;B;a;s;e
B;e;r;g;e;n;-;S;a;n;d;v;i;k;e;n; ;S;e;a;p;l;a;n;e; ;B;a;s;e
H;a;n;k;o;u
M;a;l;m;ö;-;B;u;l;l;t;o;f;t;a; ;A;i;r;p;o;r;t
S;o;u;t;h;a;m;p;t;o;n; ;w;a;t;e;r
B;a;t;h;u;r;s;t;-;J;e;s;w;a;n;g; ;A;i;r;p;o;r;t
B;r;i;s;t;o;l;-;W;h;i;t;c;h;u;r;c;h; ;A;i;r;p;o;r;t
M;o;n;t;g;o;m;e;r;y; ;M;u;n;i;c;i;p;a;l; ;A;i;r;p;o;r;t
R;i;o; ;d;e; ;J;a;n;e;i;r;o;-;C;a;l;a;b;o;u;ç;o; ;S;e;a;p;l;a;n;e; ;B;a;s;e
S;a;n;t;i;a;g;o;-;L;o;s; ;C;e;r;r;i;l;l;o;s; ;A;i;r;p;o;r;t
P;o;r;t; ;W;a;s;h;i;n;g;t;o;n; ;S;e;a;p;l;a;n;e; ;B;a;s;e
A;s; ;S;a;l;l;u;m; ;A;i;r;p;o;r;t
M;o;u;n;t; ;B;a;t;t;e;n; ;R;A;F; ;S;e;a;p;l;a;n;e; ;S;t;a;t;i;o;n
K;a;l;a;f;r;a;n;a; ;R;A;F; ;S;t;a;t;i;o;n
B;o;g;o;t;á;-;T;e;c;h;o; ;A;i;r;p;o;r;t
P;e;m;b;r;o;k;e; ;D;o;c;k; ;R;A;F; ;S;t;a;t;i;o;n
S;a;n; ;P;e;d;r;o; ;d;e; ;M;a;c;o;r;í;s; ;S;e;a;p;l;a;n;e; ;B;a;s;e
C;a;t;t;e;r;i;c;k; ;R;A;F; ;S;t;a;t;i;o;n
T;r;o;n;d;h;e;i;m;-;H;o;m;m;e;l;v;i;k
T;a;r;a;p;a;c;a; ;A;i;r;p;o;r;t
B;i;g; ;S;p;r;i;n;g;-;W;e;b;b; ;A;F;B
K;h;v;o;i;n;a;y;a; ;A;i;r;p;o;r;t
H;e;l;e;n;s;b;u;r;g;h; ;R;A;F; ;S;t;a;t;i;o;n
B;u;f;f;a;l;o; ;A;i;r;p;o;r;t
B;a;t;a;v;i;a;-;K;e;m;a;y;o;r;a;n; ;A;i;r;p;o;r;t
W;a;s;h;i;n;g;t;o;n;-;H;o;o;v;e;r; ;F;i;e;l;d
W;a;s;h;i;n;g;t;o;n;-;B;o;l;l;i;n;g; ;A;F;B
I;n;v;e;r;g;o;r;d;o;n; ;R;A;F; ;S;t;a;t;i;o;n
N;a;k;n;e;k; ;A;i;r;p;o;r;t
M;a;l;e;m;e; ;A;i;r;p;o;r;t
P;a;l;m;y;r;a; ;I;s;l;a;n;d; ;A;t;o;l;l;-;C;o;o;p;e;r; ;A;i;r;p;o;r;t
T;o;w;n;s;v;i;l;l;e; ;S;P;B
E;l;i;z;a;b;e;t;h; ;C;i;t;y; ;C;G;A;S
J;u;a;n;a; ;D;í;a;z;-;L;o;s;e;y; ;A;A;F
I;n;d;i;a;n;a;p;o;l;i;s;-;S;t;o;u;t; ;A;r;m;y; ;A;i;r; ;F;i;e;l;d
D;a;l;y; ;W;a;t;e;r;s; ;A;i;r;p;o;r;t
B;i;l;b;e;i;s; ;R;A;F; ;S;t;a;t;i;o;n
P;o;r;t; ;M;o;r;e;s;b;y;-;W;a;r;d;s; ;A;i;r;f;i;e;l;d
C;a;s;t;l;e; ;A;r;c;h;d;a;l;e; ;R;A;F; ;S;t;a;t;i;o;n;,; ;N;o;r;t;h;e;r;n; ;I;r;e;l;a;n;d
K;i;l;l;a;d;e;a;s; ;R;A;F; ;S;t;a;t;i;o;n
K;a;n;e;o;h;e; ;N;A;S;,; ;O;a;h;u
T;a;n;j;u;n;g; ;P;r;i;o;k; ;N;A;S
D;i;n;j;a;n; ;A;i;r;p;o;r;t
H;o;n;o;l;u;l;u;-;H;i;c;k;a;m; ;A;F;B
K;u;b;i;n;k;a; ;A;F;B
A;r;g;e;n;t;i;a; ;N;A;S
D;o;b;o;d;u;r;a; ;A;i;r;f;i;e;l;d
H;e;m;p;s;t;e;a;d; ;P;l;a;i;n;s;-;M;i;t;c;h;e;l;l; ;F;i;e;l;d
G;r;o;o;t;e; ;E;y;l;a;n;d;t; ;S;e;a;p;l;a;n;e; ;B;a;s;e
H;y;t;h;e; ;S;e;a;p;l;a;n;e; ;B;a;s;e
M;i;t;w;a;b;a; ;A;i;r;p;o;r;t
S;c;h;o;f;i;e;l;d;s; ;A;i;r;p;o;r;t
F;o;y;n;e;s
B;e;l;f;a;s;t;-;N;u;t;t;s; ;C;o;r;n;e;r; ;A;i;r;p;o;r;t
T;i;-;h;u;a
O;m;e;t;e;p;e;c
K;o;s;i;s;t;y; ;A;i;r;p;o;r;t
B;a;l;t;i;m;o;r;e; ;A;i;r;p;o;r;t
K;a;u;f;b;e;u;r;e;n; ;A;i;r; ;B;a;s;e
S;i;n;g;a;p;o;r;e;-;C;h;a;n;g;i; ;R;A;F; ;S;t;a;t;i;o;n
P;a;n;a;m;a; ;C;i;t;y;-;A;l;b;r;o;o;k; ;A;F;B
B;e;o;g;r;a;d;-;D;o;j;n;o; ;P;o;l;j;e; ;A;i;r;p;o;r;t
O;a;k;i;n;g;t;o;n; ;R;A;F; ;S;t;a;t;i;o;n
B;e;r;m;u;d;a;-;K;i;n;d;l;e;y; ;F;i;e;l;d; ;N;A;S
H;a;r;s;t;a;d; ;S;e;a;p;l;a;n;e; ;B;a;s;e
K;i;m;r;y; ;A;i;r;p;o;r;t
N;i;c;o;y;a;-;G;u;a;n;a;c;a;s;t;e; ;A;i;r;p;o;r;t
C;h;o;n;g;q;i;n;g; ;B;a;i;s;h;i;y;i; ;A;i;r; ;B;a;s;e
K;r;a;s;n;o;y;a;r;s;k; ;S;e;v;e;r;n;y; ;A;i;r;p;o;r;t
S;i;c;h;a;n;g
S;e;a;t;t;l;e; ;N;A;S
P;u;e;b;l;a; ;A;i;r;p;o;r;t
M;a;n;o;n;o; ;A;i;r;p;o;r;t
W;u;n;s;t;o;r;f; ;R;A;F; ;S;t;a;t;i;o;n
M;y;s;-;K;a;m;e;n;n;y;y
M;a;r;a;c;a;i;b;o;-;G;r;a;n;o; ;d;e; ;O;r;o; ;A;i;r;p;o;r;t
B;u;g;u;r;u;s;l;a;n;-;B;a;y;m;a;k;o;v;o; ;A;e;r;o;d;r;o;m;e
K;a;r;a;c;h;a;y;e;v;s;k; ;A;i;r;f;i;e;l;d
M;a;d;r;i;d; ;A;i;r; ;B;a;s;e
E;l; ;S;e;c;r;e;t;o; ;A;i;r;p;o;r;t
B;r;i;s;b;a;n;e;-;E;a;g;l;e; ;F;a;r;m; ;A;i;r;p;o;r;t
L;e; ;H;a;v;r;e; ;S;e;a;p;l;a;n;e; ;B;a;s;e
P;o;r;t;o; ;E;x;t;e;r;i;o;r; ;S;e;a;p;l;a;n;e; ;B;a;s;e
Z;a;t;e;c; ;A;i;r; ;B;a;s;e
O;k;i;n;a;w;a;-;N;a;h;a; ;A;F;B
A;n;t;i;c;o;s;t;i; ;I;s;l;a;n;d
R;o;s;a;r;i;o; ;S;e;a;p;l;a;n;e; ;B;a;s;e
S;h;a;n;g;h;a;i;/;L;o;n;g;h;u;a
E;k;r;o;n;-;T;e;l; ;N;o;f; ;A;i;r; ;B;a;s;e
C;o;l;ó;n;-;C;o;c;o; ;S;o;l;o; ;N;A;S
L;a; ;G;u;a;i;r;a; ;A;i;r;p;o;r;t
F;o;r;t; ;d;e; ;F;r;a;n;c;e; ;H;y;d;r;o;b;a;s;e
C;e;b;u;-;L;a;h;u;g; ;A;i;r;p;o;r;t
U;s;t;-;Y;a;n;s;k
D;u;r;b;a;n;-;S;t;a;m;f;o;r;d; ;H;i;l;l; ;A;i;r;p;o;r;t
G;l;a;s;g;o;w;-;R;e;n;f;r;e;w; ;A;i;r;p;o;r;t
T;o;u;l;o;u;s;e;-;M;o;n;t;a;u;d;r;a;n; ;A;i;r;p;o;r;t
L;a;e; ;A;i;r;f;i;e;l;d
D;e;v;e;r;s;o;i;r; ;R;A;F; ;S;t;a;t;i;o;n
D;e;n;v;e;r;-;L;o;w;r;y; ;A;F;B
N;o;r;t;h; ;L;u;f;f;e;n;h;a;m; ;R;A;F; ;S;t;a;t;i;o;n
F;r;a;n;k;f;u;r;t;-;R;h;e;i;n;-;M;a;i;n; ;A;F;B
L;y;u;b;e;r;t;s;y; ;A;e;r;o;d;r;o;m;e
Y;a;n;a;u;l
M;e;n;g;z;i; ;A;i;r;p;o;r;t
I;s;a;c;h;s;e;n; ;A;i;r;s;t;r;i;p
T;o;u;l;o;n;-;S;t; ;M;a;n;d;r;i;e;r; ;N;A;S
N;i;z;h;n;y;a;y;a; ;P;e;s;h;a; ;A;i;r;p;o;r;t
N;e;t;h;e;r;a;v;o;n; ;R;A;F; ;S;t;a;t;i;o;n
P;u;t;l;a; ;A;i;r;p;o;r;t
P;u;n;t;a; ;A;b;r;e;o;j;o;s; ;A;i;r;p;o;r;t
V;e;r;k;h;n;y;a;y;a; ;S;a;l;d;a
B;u;c;a;r;a;m;a;n;g;a;-;G;o;m;e;z; ;N;i;ñ;o; ;A;i;r;p;o;r;t
R;i;v;e;r;s; ;A;i;r;p;o;r;t
G;d;a;n;s;k;-;W;r;z;e;s;z;c;z; ;A;i;r;p;o;r;t
L;i;m;a;v;a;d;y; ;R;A;F; ;S;t;a;t;i;o;n
R;o;b;o;r;e; ;A;i;r;p;o;r;t
Q;u;i;t;o;-;C;o;t;o;c;o;l;l;a;o; ;A;i;r;p;o;r;t
H;o;f;f;m;a;n;-;M;a;c;k;a;l;l; ;A;A;F
C;h;e;n;g;k;u;n;g; ;A;i;r;f;i;e;l;d
P;o;r;t;r;e;a;t;h; ;R;A;F; ;S;t;a;t;i;o;n
Y;u;n;n;a;n;y;i; ;A;i;r;p;o;r;t
C;h;a;b;u;a; ;A;i;r; ;F;o;r;c;e; ;S;t;a;t;i;o;n
Y;a;n;g;k;a;i; ;A;i;r;f;i;e;l;d
S;o;o;k;e;r;a;t;i;n;g; ;A;i;r; ;B;a;s;e
T;r;i;n;i;d;a;d;-;W;a;l;l;e;r; ;F;i;e;l;d
K;a;i;r;o;u;a;n; ;A;i;r;p;o;r;t
E;l; ;D;j;e;m; ;A;i;r;f;i;e;l;d
G;r;e;n;a;d;a; ;A;A;F
S;a;r;a;t;o;v;-;Z;a;v;o;d;s;k;o;y; ;A;i;r;f;i;e;l;d
P;o;o;l;e; ;S;e;a;p;l;a;n;e; ;B;a;s;e
B;e;l;l;a; ;B;e;l;l;a;/;S;h;e;a;r;w;a;t;e;r; ;W;a;t;e;r; ;A;e;r;o;d;r;o;m;e
S;c;i;a;c;c;a
C;a;i;r;o;/;R;o;d;-;e;l;-;F;a;r;a;g; ;S;e;a;p;l;a;n;e; ;B;a;s;e
H;a;m;w;o;r;t;h;y; ;R;A;F; ;S;t;a;t;i;o;n
C;h;a;b;u;a; ;A;i;r;f;i;e;l;d
G;e;l;a
T;c;h;i;e;h;t;u
L;a;u;r;i;n;b;u;r;g;-;M;a;x;t;o;n; ;A;A;B
D;o;b;o;d;u;r;a; ;N;o;.;1;5;-;N;o;r;t;h; ;B;o;r;i;o; ;A;i;r;s;t;r;i;p
A;n;a;c;o;s;t;i;a; ;N;A;S
B;a;l;a;s;h;o;v; ;A;i;r;f;i;e;l;d
A;t;t;u; ;I;s;l;a;n;d;-;C;a;s;c;o; ;F;i;e;l;d; ;N;A;S
W;e;l;f;o;r;d; ;R;A;F; ;S;t;a;t;i;o;n
U;e;l;k;a;l; ;A;i;r;p;o;r;t
B;o;w;e;n; ;S;e;a;p;l;a;n;e; ;B;a;s;e
B;o;w;m;o;r;e; ;S;e;a;p;l;a;n;e; ;B;a;s;e
B;e;o;g;r;a;d;-;Z;e;m;u;n; ;A;i;r;f;e;l;d
G;a;v;u;t;u; ;S;e;a;p;l;a;n;e; ;B;a;s;e
B;r;u;s;s;e;l;-;M;e;l;s;b;r;o;e;k; ;A;i;r; ;B;a;s;e
D;o;w;n; ;A;m;p;n;e;y; ;R;A;F; ;S;t;a;t;i;o;n
S;e;d;a;l;i;a; ;A;i;r;p;o;r;t
L;a;e; ;A;e;r;o;d;r;o;m;e
V;i;l;l;e;n;e;u;v;e;-;A;d;v;a;n;c;e;d; ;L;a;n;d;i;n;g; ;G;r;o;u;n;d; ;A;-;6;3
H;o;l;l;a;n;d;i;a; ;A;i;r;f;i;e;l;d;,; ;I;r;i;a;n; ;J;a;y;a
C;h;i;l;b;o;l;t;o;n;-;U;S;A;A;F; ;S;t;a;t;i;o;n; ;A;A;F;-;4;0;4
V;e;r;n;o;u;i;l;l;e;t;-;A;d;v;a;n;c;e;d; ;L;a;n;d;i;n;g; ;G;r;o;u;n;d; ;A;-;4;1
B;r;o;a;d;w;e;l;l; ;R;A;F; ;S;t;a;t;i;o;n
S;a;l;t;b;y; ;R;A;F; ;S;t;a;t;i;o;n
C;o;m;i;l;l;a; ;A;i;r;p;o;r;t
N;e;w;b;u;r;y;-;G;r;e;e;n;h;a;m; ;C;o;m;m;o;n; ;R;A;F; ;S;t;a;t;i;o;n
B;a;r;r;a;c;k;p;o;r;e; ;A;i;r; ;B;a;s;e
R;e;n;o; ;A;A;B
B;l;a;k;e;h;i;l;l; ;F;a;r;m; ;R;A;F; ;S;t;a;t;i;o;n
M;e;r;r;y;f;i;e;l;d; ;R;A;F; ;S;t;a;t;i;o;n
S;a;i;d;o;r; ;A;i;r;p;o;r;t
B;o;l;l;e;v;i;l;l;e;-;A;d;v;a;n;c;e;d; ;L;a;n;d;i;n;g; ;G;r;o;u;n;d; ;A;-;2;5;C
L;a;n;g;a;r;-;U;S;A;A;F; ;S;t;a;t;i;o;n; ;A;A;F;-;4;9;0
C;h;i;l;b;o;l;t;o;n; ;R;A;F; ;S;t;a;t;i;o;n
R;a;m;s;b;u;r;y;-;U;S;A;A;F; ;S;t;a;t;i;o;n; ;A;A;F;-;4;6;9
L;a;l;m;o;n;i;r;h;a;t; ;A;i;r;p;o;r;t
K;h;a;r;a;g;p;u;r;-;K;a;l;a;i;k;u;n;d;a; ;A;i;r; ;F;o;r;c;e; ;S;t;a;t;i;o;n
M;o;r;a;n; ;A;i;r; ;B;a;s;e
S;p;a;n;h;o;e;-;U;S;A;A;F; ;S;t;a;t;i;o;n; ;A;A;F;-;4;9;3
M;a;l;d;e;n; ;A;A;F
C;h;a;n;d;i;n;a; ;R;A;F; ;S;t;a;t;i;o;n
M;e;m;b;u;r;y; ;U;S;A;A;F; ;S;t;a;t;i;o;n; ;4;6;6
C;h;i;t;t;a;g;o;n;g; ;A;i;r;p;o;r;t
S;a;l;t;b;y;-;U;S;A;A;F; ;S;t;a;t;i;o;n; ;A;A;F;-;5;3;8
M;i;s;a;m;a;r;i; ;A;i;r; ;B;a;s;e
L;a;w;r;e;n;c;e;v;i;l;l;e;-;G;e;o;r;g;e; ;A;A;F
C;y;c;l;o;p;s; ;A;i;r;f;i;e;l;d
C;h;i;n;a; ;L;a;k;e; ;N;A;F
C;a;p;e; ;T;o;r;o;k;i;n;a; ;A;i;r;f;i;e;l;d
B;r;u;s;s;e;l;/;E;v;e;r;e; ;A;d;v;a;n;c;e;d; ;L;a;n;d;i;n;g; ;G;r;o;u;n;d; ;B;-;5;6
F;u;l;b;e;c;k; ;R;A;F; ;S;t;a;t;i;o;n
F;o;l;k;i;n;g;h;a;m;-;U;S;A;A;F; ;S;t;a;t;i;o;n; ;A;A;F;-;4;8;4
A;n;t;i;l;l;a; ;A;i;r;p;o;r;t
S;y;d;n;e;y; ;H;a;r;b;o;u;r;-;R;o;s;e; ;B;a;y; ;S;P;B
N;o;v;a;t;o;-;H;a;m;i;l;t;o;n; ;A;F;B
L;u;l;i;a;n;g; ;A;i;r;s;t;r;i;p
H;s;i;n;c;h;i;n;g; ;A;i;r;f;i;e;l;d; ;(;A;-;1;)
C;o;r;t;l;a;n;d; ;A;i;r;p;o;r;t
S;u;i;f;u
T;i;n;g;k;a;w;k; ;S;a;k;a;n; ;A;i;r;f;i;e;l;d
N;u;m;f;o;r; ;A;i;r;p;o;r;t
V;æ;r;l;ø;s;e; ;A;i;r; ;B;a;s;e
A;l;d;e;r;m;a;s;t;o;n; ;R;A;F; ;S;t;a;t;i;o;n
O;r;b;e;t;e;l;l;o; ;A;i;r;f;i;e;l;d
B;r;o;a;d;w;a;y; ;A;i;r;s;t;r;i;p
N;o;r;t;h; ;W;i;t;h;a;m; ;U;S;A;A;F; ;S;t;a;t;i;o;n; ;A;A;F;-;4;7;9
G;r;o;o;t;e; ;I;s;l;a;n;d; ;S;P;B
F;o;l;k;i;n;g;h;a;m; ;R;A;F; ;S;t;a;t;i;o;n
U;p;o;t;t;e;r;y; ;U;S;A;A;F; ;S;t;a;t;i;o;n; ;A;A;F;-;4;6;2
A;b;e;r;d;e;e;n; ;A;i;r;s;t;r;i;p
P;i;r;a;p;o;r;a; ;A;i;r;p;o;r;t
D;u;n;n;e;l;l;o;n; ;A;A;B
N;a;d;z;a;b; ;N;o;.; ;4; ;A;i;r;f;i;e;l;d; ;(;N;e;w;t;o;n; ;F;i;e;l;d;)
L;i;a;n;g;s;h;a;n; ;A;i;r;f;i;e;l;d
D;e;r;g;a;o;n; ;A;i;r;p;o;r;t
A;l;d;e;r;m;a;s;t;o;n;-;U;S;A;A;F; ;S;t;a;t;i;o;n; ;4;6;7
P;e;i;s;h;i;y;i; ;A;i;r;f;i;e;l;d
L;u;m;b;e;r;t;o;n; ;A;A;F
P;e;r;s;h;o;r;e; ;R;A;F; ;S;t;a;t;i;o;n
B;r;u;n;i;n;g; ;A;r;m;y; ;A;i;r; ;B;a;s;e
L;o;n;r;a;i; ;A;d;v;a;n;c;e;d; ;L;a;n;d;i;n;g; ;G;r;o;u;n;d; ;(;A;L;G;); ;A;-;4;5
B;a;h;r;a;i;n;-;M;u;h;u;r;r;a;q; ;R;A;F; ;S;t;a;t;i;o;n
V;i;c;h;y; ;A;A;F
S;h;i;n;b;w;e;y;a;n;g
W;a;t;t;o;n; ;U;S;A;A;F; ;S;t;a;t;i;o;n; ;A;A;F;-;3;7;6
A;i;t;a;p;e;-;T;a;d;j;i; ;A;i;r;p;o;r;t
F;i;n;s;c;h;h;a;f;e;n; ;A;i;r;p;o;r;t
Y;a;z;a;g;y;o; ;A;i;r;f;i;e;l;d
A;s;s;a;m
R;a;m;s;b;u;r;y; ;R;A;F; ;S;t;a;t;i;o;n
C;h;a;n;y;i; ;A;i;r;p;o;r;t
G;r;o;v;e; ;R;A;F; ;S;t;a;t;i;o;n
L;e; ;M;a;n;s;-;A;d;v;a;n;c;e;d; ;L;a;n;d;i;n;g; ;G;r;o;u;n;d; ;A;-;3;5
M;e;r;r;y;f;i;e;l;d; ;U;S;A;A;F; ;S;t;a;t;i;o;n; ;A;A;F;-;4;6;4
U;m;n;a;k;-;F;o;r;t; ;G;l;e;n;n; ;A;r;m;y; ;A;i;r;f;i;e;l;d
F;a;i;r;b;a;n;k;s;-;W;e;e;k;s; ;F;i;e;l;d
S;h;a;n;g;h;a;i;-;J;i;a;n;g;w;a;n; ;A;i;r;p;o;r;t
E;w;a; ;M;C;A;S
H;o;l;t;v;i;l;l;e; ;A;i;r;p;o;r;t
C;l;a;r;e;n;d;o;n
G;u;a;m;-;A;g;a;n;a; ;N;A;S
B;o;v;i;n;g;d;o;n; ;R;A;F; ;S;t;a;t;i;o;n
C;a;l;s;h;o;t; ;R;A;F; ;S;t;a;t;i;o;n
C;r;o;s;b;y; ;R;A;F; ;S;t;a;t;i;o;n
J;a;c;k;s;o;n;-;H;a;w;k;i;n;s; ;F;i;e;l;d
L;a; ;L;i;b;e;r;t;a;d; ;A;i;r;s;t;r;i;p
P;a;r;r;i;t;a; ; ;A;i;r;p;o;r;t
M;e;m;b;u;r;y; ;R;A;F; ;S;t;a;t;i;o;n
W;i;s;l;e;y; ;A;i;r;f;i;e;l;d
S;i;n;g;a;p;o;r;e;-;K;a;l;l;a;n;g; ;R;A;F; ;S;t;a;t;i;o;n
M;a;n;i;l;a;-;G;r;a;c;e; ;P;a;r;k; ;A;i;r;f;i;e;l;d
R;i;o; ;d;e; ;J;a;n;e;i;r;o;-;M;a;n;g;u;i;n;h;o;s; ;A;i;r;p;o;r;t
R;i;g;a;-;C;e;n;t;r;a;l; ;A;i;r;p;o;r;t
T;u;x;p;a;n; ;A;i;r;p;o;r;t
C;a;t;a;n;d;u;v;a; ;A;i;r;p;o;r;t
M;a;n;i;l;a;-;N;i;e;l;s;o;n; ;F;i;e;l;d
J;a;c;q;u;i;n;o;t; ;B;a;y; ;A;i;r;p;o;r;t
C;h;i;h;c;h;i;a;n;g; ;A;i;r; ;B;a;s;e
M;a;n;g;s;h;i
T;a;n;a;u;a;n; ;A;i;r;f;i;e;l;d
M;y;i;t;c;h;e; ;A;i;r; ;B;a;s;e
L;a;u;t;h;a;l;a; ;B;a;y; ;S;P;B
Z;e;a;l;s; ;R;A;F; ;S;t;a;t;i;o;n
M;u;s;e; ;A;i;r;f;i;e;l;d
T;a;r;q;u;i;n;i;a; ;A;i;r;f;i;e;l;d
S;h;a;m;s;h;e;r;n;a;g;a;r; ;A;i;r;p;o;r;t
D;h;a;k;a;-;K;u;r;m;i;t;o;l;a; ;A;i;r; ;B;a;s;e
B;r;é;t;i;g;n;y;-;s;u;r;-;O;r;g;e; ;A;d;v;a;n;c;e;d; ;L;a;n;d;i;n;g; ;G;r;o;u;n;d; ;A;-;4;8
B;e;r;l;i;n;-;S;c;h;ö;n;w;a;l;d;e; ;A;i;r; ;B;a;s;e
C;a;s;a;b;l;a;n;c;a;-;C;a;z;e;s; ;A;i;r;p;o;r;t
S;i;n;t;h;e
E;s;p;i;r;i;t;u; ;S;a;n;t;o;-;P;a;l;i;k;u;l;o; ;F;i;e;l;d
K;a;n;s;a;s; ;C;i;t;y;-;F;a;i;r;f;a;x; ;F;i;e;l;d
W;o;r;m;d;i;t;t; ;A;i;r;p;o;r;t
L;e;d;o; ;A;i;r;f;i;e;l;d
E;m;i;r;a;u; ;A;i;r;p;o;r;t
W;e;t;h;e;r;s;f;i;e;l;d; ;U;S;A;A;F; ;S;t;a;t;i;o;n; ;1;7;0
H;a;r;r;i;s;b;u;r;g;-;R;a;l;e;i;g;h; ;A;i;r;p;o;r;t
W;a;r;a;z;u;p; ;A;i;r;s;t;r;i;p
M;o;u;r;m;e;l;o;n; ;A;i;r;p;o;r;t
T;a;c;h;i;k;a;w;a; ;A;i;r; ;B;a;s;e
B;i;a;k;-;B;o;r;o;e;k;o;e; ;R;o;y;a;l; ;D;u;t;c;h; ;N;a;v;y; ;A;i;r; ;S;t;a;t;i;o;n
B;r;e;s;l;a;u;-;S;c;h;ö;n;g;a;r;t;e;n; ;A;i;r; ;B;a;s;e
R;i;c;c;a;l;l; ;R;A;F; ;S;t;a;t;i;o;n
H;e;l;m;s;t;e;d;t; ;A;d;v;a;n;c;e;d; ;L;a;n;d;i;n;g; ;G;r;o;u;n;d; ;R;-;3;9
S;a;n; ;J;u;a;n; ;H;a;r;b;o;r
P;o;m;i;g;l;i;a;n;o; ;A;i;r;f;i;e;l;d
N;e;u;b;i;b;e;r;g; ;A;i;r;p;o;r;t
R;a;d;l;e;t;t; ;A;i;r;f;i;e;l;d
J;o;l;o;n;-;H;u;n;t;e;r; ;A;A;F
E;l; ;A;d;e;m; ;R;A;F; ;S;t;a;t;i;o;n
H;a;t;h;a;z;a;r;i; ;A;i;r;f;i;e;l;d
D;u;l;a;g; ;A;i;r;f;i;e;l;d
K;o;d;i;a;k; ;N;A;S
O;k;i;n;a;w;a;-;Y;o;n;t;a;n; ;F;i;e;l;d
K;r;a;k;ó;w;-;R;a;k;o;w;i;c;e;-;C;z;y;z;y;n;y; ;A;i;r;p;o;r;t
C;h;i;p;p;i;n;g; ;O;n;g;a;r;-;U;S;A;A;F; ;S;t;a;t;i;o;n; ;A;A;F;-;1;6;2
L;o;r;e;n;g;a;u; ;A;i;r;f;i;e;l;d
D;r;e;u;x;-;V;e;r;n;o;u;i;l;l;e;t; ;A;i;r;p;o;r;t
F;o;r;t; ;S;u;m;n;e;r; ;A;i;r;p;o;r;t
C;o;m;p;i;è;g;n;e;/;M;a;r;g;n;y; ;A;d;v;a;n;c;e;d; ;L;a;n;d;i;n;g; ;G;r;o;u;n;d; ;Y;-;3;5
J;a;c;k;s;o;n;v;i;l;l;e; ;M;u;n;i;c;i;p;a;l; ;A;i;r;p;o;r;t
O;k;i;n;a;w;a;-;M;o;t;o;b;u; ;A;i;r;s;t;r;i;p
P;o;i;x;-;A;d;v;a;n;c;e;d; ;L;a;n;d;i;n;g; ;G;r;o;u;n;d; ;B;-;4;4
D;o;h;a;z;a;r;i; ;A;i;r;f;i;e;l;d
A;h;l;h;o;r;n; ;A;i;r; ;B;a;s;e
M;a;b;a;l;a;c;a;t; ;A;i;r;f;i;e;l;d
M;y;i;t;k;y;i;n;a; ;N;o;r;t;h; ;A;i;r;f;i;e;l;d
J;a;k;a;r;t;a;-;K;e;m;a;y;o;r;a;n; ;A;i;r;p;o;r;t
D;o;n;c;o;u;r;t;-;l;è;s;-;C;o;n;f;l;a;n;s; ;A;d;v;a;n;c;e;d; ;L;a;n;d;i;n;g; ;G;r;o;u;n;d; ;A;-;9;4
F;r;a;n;k;f;u;r;t;/;E;s;c;h;b;o;r;n; ;A;d;v;a;n;c;e;d; ;L;a;n;d;i;n;g; ;G;r;o;u;n;d; ;Y;-;7;4
B;a;y;u;g; ;A;i;r;f;i;e;l;d
B;o;r;e;h;a;m; ;U;S;A;A;F; ;S;t;a;t;i;o;n; ;A;A;F;-;1;6;1
A;r;k;o;n;a;m
I;m;p;h;a;l;-;K;o;i;r;e;n;g;e;i; ;A;i;r;f;i;e;l;d
S;u;i;c;h;w;a;n; ;A;i;r;f;i;e;l;d
A;m;c;h;i;t;k;a; ;A;i;r;p;o;r;t
P;r;o;s;n;e;s; ;A;d;v;a;n;c;e;d; ;L;a;n;d;i;n;g; ;G;r;o;u;n;d; ;A;-;7;9
B;r;é;t;i;g;n;y;-;s;u;r;-;O;r;g;e; ;A;i;r;p;o;r;t
J;a;c;k;s;o;n;v;i;l;l;e; ;N;A;A;S
R;o;s;i;g;n;a;n;o; ;A;i;r;f;i;e;l;d
N;o;v;a;t;o;-;H;a;m;i;l;t;o;n; ;A;r;m;y; ;A;i;r; ;F;i;e;l;d
E;r;g;o;l;d;i;n;g; ;A;d;v;a;n;c;e;d; ;L;a;n;d;i;n;g; ;G;r;o;u;n;d; ;R;-;7;3
D;i;g;r;i; ;R;A;F; ;S;t;a;t;i;o;n
G;i;e;s;s;e;n; ;A;d;v;a;n;c;e;d; ;L;a;n;d;i;n;g; ;G;r;o;u;n;d; ;Y;-;8;4
U;t;i;c;a;-;O;n;e;i;d;a; ;C;o;u;n;t;y; ;A;i;r;p;o;r;t
B;i;s;c;a;r;r;o;s;s;e;-;H;o;u;r;t;i;q;u;e;t;s; ;S;e;a;p;l;a;n;e; ;B;a;s;e
A;r;c;t;i;c; ;I;c;e; ;S;t;a;t;i;o;n; ;S;P;-;2
C;o;l;u;m;b;u;s; ;S;o;u;t;h;w;e;s;t; ;A;i;r;p;o;r;t
S;h;e;l;l;a; ;A;i;r;s;t;r;i;p
Y;o;n;p;o; ;A;i;r;f;i;e;l;d
B;a;r;b;e;r;s; ;P;o;i;n;t; ;N;A;S
H;a;g;a;r;u;-;r;i; ;A;i;r;s;t;r;i;p
V;a;l;l;e;g;r;a;n;d;e; ;A;i;r;p;o;r;t
O;s;t;r;a;v;a;-;H;r;a;b;u;v;k;a; ;A;i;r;p;o;r;t
S;a;n; ;R;a;f;a;e;l;-;H;a;m;i;l;t;o;n; ;F;i;e;l;d
D;a;m;a;s;c;u;s;-;M;e;z;z;e;h; ;M;i;l;i;t;a;r;y; ;A;i;r;p;o;r;t
F;a;y;i;d; ;R;A;F; ;S;t;a;t;i;o;n
P;u;e;r;t;o; ;L;e;g;u;i;z;a;m;o; ;S;e;a;p;l;a;n;e; ;B;a;s;e
R;o;m;a;-;C;e;n;t;o;c;e;l;l;e; ;A;i;r; ;B;a;s;e
L;o;u;i;s;v;i;l;l;e;-;G;o;d;m;a;n; ;A;F;B
L;i;m;e;s;t;o;n;e;-;L;o;r;i;n;g; ;A;F;B
S;a;n; ;L;u;i;s; ;A;c;a;t;l;á;n
Z;n;a;m;e;n;s;k;o;y;e; ;A;i;r;f;i;e;l;d
K;i;l;d;a;l;a
M;a;r;s;a;x;l;o;k;k; ;B;a;y
S;a;n;t;a; ;C;r;u;z; ;d;o; ;R;i;o; ;P;a;r;d;o
S;a;n; ;M;a;r;c;o;s; ;A;i;r;p;o;r;t
U;m;i;a;t; ;A;i;r;p;o;r;t
C;o;o;l;a;w;a;n;y;a;h; ;A;i;r;p;o;r;t
S;t;r;u;b;b;y; ;R;A;F; ;S;t;a;t;i;o;n
W;i;g;s;l;e;y; ;R;A;F; ;S;t;a;t;i;o;n
I;n;d;i;a;n;a;p;o;l;i;s; ;A;i;r;p;o;r;t
Y;e;n;i;s;e;i;s;k; ;A;i;r;p;o;r;t
J;i;n;h;a;e; ;(;K;-;1;0;); ;A;i;r; ;B;a;s;e
K;a;s;f;a;r;e;e;t; ;R;A;F; ;S;t;a;t;i;o;n
K;h;e;w;r;a; ;A;i;r;p;o;r;t
K;h;a;r;t;o;u;m;-;W;a;d;i; ;S;e;i;d;n;a; ;A;i;r; ;B;a;s;e
D;a;l;l;a;s; ;N;A;S
R;i;g;a;-;S;p;i;l;v;e; ;A;i;r;p;o;r;t
M;o;s;e;s; ;L;a;k;e;-;L;a;r;s;o;n; ;A;F;B
Z;a;g;r;e;b;/;L;u;c;k;o; ;A;i;r;p;o;r;t
S;t;o;c;k;h;o;l;m;/;H;ä;g;e;r;n;ä;s; ;F;-;2; ;A;i;r; ;B;a;s;e
C;a;m;i;r;i; ;A;i;r;p;o;r;t
C;h;o;t;e;a;u; ;A;i;r;p;o;r;t
B;e;p;p;u; ;A;i;r;p;o;r;t
M;a;l;l;a;l;a; ;R;A;A;F; ;B;a;s;e
S;p;o;t;t;e;d; ;B;e;a;r; ;a;i;r;s;t;r;i;p
U;d;i;n;e; ;A;i;r;f;i;e;l;d
S;w;i;n;d;e;r;b;y; ;R;A;F; ;S;t;a;t;i;o;n
M;o;n;t;e;r;e;y;-;F;o;r;t; ;O;r;d; ;A;F;B
P;o;r;t; ;A;r;t;u;r
H;u;l;l;a;v;i;n;g;t;o;n; ;R;A;F; ;S;t;a;t;i;o;n
B;o;m;b;a;y;-;J;u;h;u; ;A;i;r;p;o;r;t
T;u;c;u;m;á;n; ;A;i;r;p;o;r;t
A;u;r;o;r;a;-;L;o;w;r;y; ;A;F;B
I;t;a;p;e;b;i
V;i;l;l;a; ;H;a;r;d;i;n;g; ;G;r;e;e;n
B;a;g;h;d;a;d; ;R;A;F; ;S;t;a;t;i;o;n
N;i;c;o;s;i;a; ;A;i;r;p;o;r;t
P;u;e;r;t;o; ;I;n;c;a; ;A;i;r;p;o;r;t
S;a;n;g;l;e;y; ;P;o;i;n;t; ;N;a;v;a;l; ;S;t;a;t;i;o;n
K;e;l;l;e;y;s; ;I;s;l;a;n;d; ;L;a;n;d; ;F;i;e;l;d; ;A;i;r;p;o;r;t
L;a;c;o;n;i;a; ;M;u;n;i;c;i;p;a;l; ;A;i;r;p;o;r;t
B;a;l;l;y;k;e;l;l;y; ;R;A;F; ;S;t;a;t;i;o;n
O;r;o;c;u;é; ;A;i;r;p;o;r;t
T;h;o;r;n;e;y; ;I;s;l;a;n;d; ;R;A;F; ;S;t;a;t;i;o;n
R;e;n;o;-;S;t;e;a;d; ;A;F;B
T;o;f;i;n;o; ;S;P;B
K;e;m;a;n;o; ;A;i;r;p;o;r;t
S;t; ;E;v;a;l; ;R;A;F; ;S;t;a;t;i;o;n
L;a;c; ;L;é;r;è
A;l;b;u;q;u;e;r;q;u;e;-;K;i;r;t;l;a;n;d; ;A;F;B
G;r;o;s;t;e;n;q;u;i;n; ;R;C;A;F; ;S;t;a;t;i;o;n
B;a;r;t;l;e;s;v;i;l;l;e; ;A;i;r;p;o;r;t
K;n;o;b; ;L;a;k;e; ;A;i;r;p;o;r;t
M;i;a;m;i;-;M;a;s;t;e;r;s; ;F;i;e;l;d
S;z;o;m;b;a;t;h;e;l;y; ;A;i;r;p;o;r;t
J;e;d;d;a;h; ;I;n;t;e;r;n;a;t;i;o;n;a;l; ;A;i;r;p;o;r;t
R;o;s;w;e;l;l;-;W;a;l;k;e;r; ;A;F;B
C;o;l;o;r;a;d;o; ;S;p;r;i;n;g;s;-;E;n;t; ;A;i;r; ;F;o;r;c;e; ;B;a;s;e
A;s;a;n;s;o;l
L;i;t;t;l;e; ;A;m;e;r;i;c;a; ;V
A;t;s;h;a;n; ;A;i;r;s;t;r;i;p
H;o;t; ;S;p;r;i;n;g;s;-;I;n;g;a;l;l;s; ;F;i;e;l;d
S;i;d;i; ;S;l;i;m;a;n;e; ;A;i;r; ;B;a;s;e
C;a;f;a;y;a;t;e; ;A;i;r;p;o;r;t
G;r;e;a;t; ;W;h;a;l;e; ;R;i;v;e;r; ;R;C;A;F; ;S;t;a;t;i;o;n
M;a;l;o;n;e;-;D;u;f;o;r;t; ;A;i;r;p;o;r;t
J;u;t;i;c;a;l;p;a; ;A;i;r;p;o;r;t
B;u;e;n;o;s; ;A;i;r;e;s; ;S;e;a;p;l;a;n;e; ;B;a;s;e
M;y;s; ;C;h;e;l;y;u;s;k;i;n; ;A;i;r;p;o;r;t
J;a;c;k;s;o;n;v;i;l;l;e;-;T;h;o;m;a;s; ;C;o;l;e; ;I;m;e;s;o;n; ;M;u;n;i;c;i;p;a;l; ;A;i;r;p;o;r;t
D;r;i;f;t;w;o;o;d; ;B;a;y
C;a;y;o; ;M;a;m;b;i; ;A;i;r;p;o;r;t
F;o;r;t;í;n; ;C;a;m;p;e;r;o
T;i;p;u;a;n;i; ;A;i;r;p;o;r;t
C;o;c;o; ;d;e; ;M;o;n;o; ;A;i;r;p;o;r;t
M;y;s; ;K;o;s;i;s;t;y;y
W;o;o;d;l;e;y; ;A;i;r;p;o;r;t
M;i;r;n;y; ;I;c;e; ;S;t;a;t;i;o;n
V;o;r;o;n;e;z;h;-;P;r;i;d;a;c;h;a; ;A;i;r;p;o;r;t
L;i;s;b;o;a;-;C;a;b;o; ;R;u;i;v;o; ;S;e;a;p;l;a;n;e; ;B;a;s;e
S;a;n; ;J;o;s;é;-;L;a; ;S;a;b;a;n;a; ;A;i;r;p;o;r;t
G;r;a;n;g;e;v;i;l;l;e;-;I;d;a;h;o; ;C;o;u;n;t;y; ;A;i;r;p;o;r;t
C;o;p;á;n; ;A;i;r;p;o;r;t
J;u;n;e;a;u
S;a;n; ;J;o;s;e; ;d;e; ;C;h;i;q;u;i;t;o;s; ;A;i;r;p;o;r;t
T;o;u;r;n;a;v;i;s;t;a; ;A;i;r;p;o;r;t
U;c;h;u;r
B;a;l;t;i;m;o;r;e; ;H;a;r;b;o;r; ;F;i;e;l;d
C;a;l;v;e;r;t;o;n;-;P;e;c;o;n;i;c; ;R;i;v;e;r; ;A;i;r;p;o;r;t
R;a;w;a;l;p;i;n;d;i
P;e;d;r;o; ;A;f;o;n;s;o
M;a;r;b;l;e; ;P;o;i;n;t
N;a;s;s;a;u;-;O;a;k;e;s; ;F;i;e;l;d
P;i;c;o;t;a; ;A;i;r;p;o;r;t
L;e;n;i;n;g;r;a;d;-;S;m;o;l;n;o;y;e; ;A;i;r;p;o;r;t
H;a;v;a;n;a;-;C;i;u;d;a;d; ;L;i;b;e;r;t;a;d; ;A;i;r;p;o;r;t
B;u;l;c;h;i; ;A;i;r;p;o;r;t
M;i;s;u;r;a;t;a; ;A;i;r;p;o;r;t
R;i;c;h;a;r;d;s;-;G;e;b;a;u;r; ;A;F;B
A;z;a;i;b;a; ;A;i;r;f;i;e;l;d
G;u;e;l;p;h; ;A;i;r;p;o;r;t
W;a;l;t;e;r;b;o;r;o; ;M;u;n;i;c;i;p;a;l; ;A;i;r;p;o;r;t
Q;u;i;n;t;e;r;o; ;A;i;r; ;B;a;s;e
H;a;r;l;i;n;g;e;n; ;A;F;B
D;a;v;i;s; ;G;l;a;c;i;e;r
M;o;n;g;-;H;p;a;y;a;k
E;l;l;s;w;o;r;t;h; ;S;t;a;t;i;o;n
P;a;l;y;a;v;a;a;m; ;A;i;r;s;t;r;i;p
C;a;r;a;n;a;v;i; ;A;i;r;p;o;r;t
K;o;n;t;u;m; ;A;i;r;p;o;r;t
K;a;p;a;n; ;A;i;r;p;o;r;t
H;a;m;a;h; ;A;i;r;p;o;r;t
G;r;e;a;t; ;F;a;l;l;s;-;M;a;l;m;s;t;r;o;m; ;A;F;B
E;l; ;G;o;u;e;r;a; ;A;i;r;p;o;r;t
S;i;o;c;o;n; ;A;i;r;p;o;r;t
H;r;a;n;i;c;e; ;A;i;r;p;o;r;t
T;a;n; ;H;i;e;p; ;A;i;r; ;B;a;s;e
M;a;l;a;b;a;n;g; ;A;i;r;p;o;r;t
L;u;z;o;n; ;I;s;l;a;n;d;-;C;u;b;i; ;P;o;i;n;t; ;N;A;S
B;o;u;a;r; ;A;i;r;p;o;r;t
B;a;r;r;a;c;k;p;o;r;e; ;A;i;r; ;F;o;r;c;e; ;S;t;a;t;i;o;n
K;a;g;o;s;h;i;m;a;-;C;i;t;y; ;A;i;r;p;o;r;t
G;i;a; ;V;u;c; ;A;i;r;s;t;r;i;p
B;r;i;a;k;a;n; ;A;i;r;s;t;r;i;p
D;a;r;v;a;z;a; ;A;i;r;p;o;r;t
M;a;n;b;y; ;R;A;F; ;S;t;a;t;i;o;n
G;o;r;e;t;s;k;o;y;e; ;A;i;r;s;t;r;i;p
B;e;l;m;a;r;-;M;o;n;m;o;u;t;h; ;C;o;u;n;t;y; ;A;i;r;p;o;r;t
B;a;n;g;o;r;-;D;o;w; ;A;F;B
Q;u;a;n;g; ;N;g;a;i; ;A;i;r;p;o;r;t
G;r;a;v;a;t;a;i; ;A;i;r;p;o;r;t
H;a;m;m;o;n;d; ;L;a;n;d;i;n;g; ;Z;o;n;e
M;a;y;f;a;';a;h; ;A;i;r;p;o;r;t
K;h;e; ;S;a;n;h
M;e;d;f;o;r;d;-;F;l;y;i;n;g; ;W; ;A;i;r;p;o;r;t
F;l;y;i;n;g; ;R; ;R;a;n;c;h
K;o;n; ;T;u;m; ;A;i;r;f;i;e;l;d
A;n; ;K;h;e; ;A;i;r; ;B;a;s;e
D;a;u; ;T;i;e;n;g; ;A;i;r;s;t;r;i;p
H;a;t;f;i;e;l;d; ;A;i;r;p;o;r;t
L;i;n;d;h;o;l;m;e; ;R;A;F; ;S;t;a;t;i;o;n
R;i;v;e;r;s; ;R;C;A;F; ;S;t;a;t;i;o;n
M;i;l;k;o;v;o
D;a;k; ;T;o; ;A;i;r;f;i;e;l;d
T;a;k;h;t;a;m;y;g;d;a; ;A;i;r;p;o;r;t
B;i;e;n; ;H;o;a; ;A;i;r; ;B;a;s;e
S;e;o;u;l;-;Y;e;o;u;i;d;o; ;A;i;r; ;B;a;s;e
S;o;g;a;m;o;s;o;-;A;l;b;e;r;t;o; ;L;l;e;r;a;s; ;C;.; ;A;i;r;p;o;r;t
M;e;s;c;h;u;r;a; ;A;i;r;p;o;r;t
C;a;m;p; ;S;p;r;i;n;g;s;-;A;n;d;r;e;w;s; ;N;a;v;y; ;A;i;r; ;F;i;e;l;d
C;h;e;o; ;R;e;o; ;A;i;r;p;o;r;t
T;a;y; ;N;i;n;h; ;A;i;r; ;B;a;s;e
E;g;v;e;k;i;n;o;t;-;Z;a;l;i;v; ;K;r;e;s;t;a; ;A;i;r;f;i;e;l;d
S;a;v;e;h; ;A;i;r;p;o;r;t
A;v;a;l;o;n;-;P;e;b;b;l;y; ;B;e;a;c;h; ;S;e;a;p;l;a;n;e; ;B;a;s;e
D;a;r;o;o;t;-;K;o;r;g;o;n; ;A;i;r;p;o;r;t
K;h;a;m; ;D;u;c; ;A;i;r;s;t;r;i;p
K;a;t;u;m
F;e;i;j;ó; ;A;i;r;p;o;r;t
C;a;m;p; ;E;v;a;n;s
O;r;i;n;g;i; ;A;i;r;p;o;r;t
S;c;h;a;f;t; ;C;r;e;e;k; ;A;i;r;s;t;r;i;p
F;o;r;t;e; ;P;r;i;n;c;i;p;e; ;d;a; ;B;e;i;r;a
S;o;n;g; ;B;a
U;l;i; ;A;i;r;s;t;r;i;p
N;';Z;e;t;o;/;A;m;b;r;i;z;e;t;e; ;A;i;r;p;o;r;t
C;u;l;v;e;r; ;C;i;t;y;-;H;u;g;h;e;s; ;A;i;r;p;o;r;t
B;o;r;o;g;o;n; ;A;i;r;p;o;r;t
E;v;a;d;a;l;e; ;L;a;n;d;i;n;g; ;S;t;r;i;p
T;a;l;a;s; ;A;i;r;f;i;e;l;d
B;e;n;t;o;n; ;H;a;r;b;o;r;-;R;o;s;s; ;F;i;e;l;d
M;o;n;t;e;r;r;e;y; ;A;i;r;p;o;r;t
W;i;n;i;s;k; ;A;i;r;p;o;r;t
W;e;s;t; ;K;u;p;a;r;u;k
H;a;w;t;h;o;r;n;e; ;A;i;r;p;o;r;t
M;a;l;c;o;l;m; ;I;s;l;a;n;d; ;A;i;r;p;o;r;t
K;a;l;a;i;k;h;u;m; ;A;i;r;f;i;e;l;d
J;a;c;k;s;o;n;v;i;l;l;e; ;A;i;r;p;o;r;t
A;r;i;c;a; ;A;i;r;p;o;r;t
C;o;l;u;m;b;i;a; ;A;i;r;p;o;r;t
I;v;a;n;o;v;o;-;S;e;v;e;r;n;y; ;A;i;r; ;B;a;s;e
P;i;n;g;o; ;A;i;r;s;t;r;i;p
K;a;m;e;n;n;y; ;M;y;s; 
S;a;s;a;s;a;m;a; ;A;i;r;p;o;r;t
I;l;i;g;a;n;-;M;a;r;i;a; ;C;r;i;s;t;i;n;a; ;A;i;r;p;o;r;t
C;h;i;a;n;g; ;K;l;a;n;g; ;A;i;r;p;o;r;t
K;u;b;a;n; ;S;t;a;t;e; ;F;a;r;m; ;A;i;r;p;o;r;t
U;S;S; ;R;a;n;g;e;r
S;a;n; ;F;r;a;n;c;i;s;c;o; ;(;M;o;x;o;s;); ;A;i;r;p;o;r;t
N;o;r;t;h; ;L;i;t;t;l;e; ;R;o;c;k; ;M;u;n;i;c;i;p;a;l; ;A;i;r;p;o;r;t
B;r;o;o;k;s;v;i;l;l;e;-;H;e;r;n;a;n;d;o; ;C;o;u;n;t;y; ;A;i;r;p;o;r;t
V;i;g;n;a; ;d;i; ;V;a;l;l;e; ;A;i;r; ;B;a;s;e
S;e;n;a; ;M;a;d;u;r;e;i;r;a; ;A;i;r;p;o;r;t
B;e;d;f;o;r;d;-;T;h;u;r;l;e;i;g;h; ;A;i;r;p;o;r;t
M;a;z;a;m;a;r;i;-;M;a;n;u;e;l; ;P;r;a;d;o; ;U;g;a;r;t;e;c;h;e; ;A;i;p;o;r;t
F;a;r;i;k;h;a; ;A;i;r;s;t;r;i;p
S;h;a;w;n;e;e; ;M;u;n;i;c;i;p;a;l; ;A;i;r;p;o;r;t
S;h;e;l;t;e;r; ;C;o;v;e; ;A;i;r;p;o;r;t
D;a;j;a;b;o;n; ;A;i;r;p;o;r;t
D;-;5;9; ;S;t;a;t;i;o;n
P;o;l;s;o;n; ;A;i;r;p;o;r;t
S;o;c; ;T;r;a;n;g; ;A;i;r;p;o;r;t
B;a;n; ;X;o;n; ;A;i;r;s;t;r;i;p
M;i;a;m;i; ;S;P;B
V;a;n;g; ;V;i;e;n;g; ;A;i;r;s;t;r;i;p
A;m;b;a;r;i; ;F;a;l;a;k;a;t;a; ;A;i;r;p;o;r;t
M;i;n;j; ;A;i;r;p;o;r;t
S;e;s;h;c;h;a;-;B;r;';a;n;s;k; ;A;F;B
F;o;r;t; ;W;o;r;t;h;-;G;r;e;a;t;e;r; ;S;o;u;t;h;w;e;s;t; ;I;n;t;e;r;n;a;t;i;o;n;a;l; ;A;i;r;p;o;r;t
M;a;r;i;á;n;s;k;é; ;L;á;z;n;e; ;A;i;r;p;o;r;t
T;u;l;a; ;A;i;r;p;o;r;t
N;a;z;i;m;o;v;o; ;A;i;r;s;t;r;i;p
O;k;h;a
S;a;n; ;P;e;d;r;o; ;R;i;c;h;a;r;d; ;A;i;r;p;o;r;t
N;o;r;t;h; ;P;o;l;e; ;d;r;i;f;t;i;n;g; ;i;c;e; ;s;t;a;t;i;o;n; ;S;P;-;2;1
K;a;m;p;o;t; ;A;i;r;p;o;r;t
C;a;s;e;y
U;n;i;o;n; ;S;p;r;i;n;g;s;-;F;r;a;n;k;l;i;n; ;F;i;e;l;d; ;A;i;r;p;o;r;t
M;y;s; ;K;a;m;e;n;n;y; ;A;i;r;p;o;r;t
S;v;a;y; ;R;i;e;n;g; ;A;i;r;p;o;r;t
E;l;u;s;h;k;i;n;o; ;A;i;r;s;t;r;i;p
L;o;n;g; ;T;i;e;n;g; ;A;i;r;s;t;r;i;p
S;o;d;d;u; ;A;i;r;p;o;r;t
L;a; ;T;u;q;u;e; ;A;i;r;p;o;r;t
N;o;r;t;h; ;P;o;l;e; ;d;r;i;f;t;i;n;g; ;i;c;e; ;s;t;a;t;i;o;n; ;S;P;-;2;2
S;a;n;t;a; ;R;o;s;a; ;A;i;r;p;o;r;t
A;n;c;h;o;r;a;g;e;-;C;a;m;p;b;e;l;l; ;A;i;r;s;t;r;i;p
T;i;k;a;l;-;E;l; ;P;e;t;é;n; ;A;i;r;p;o;r;t
K;a;m;e;n;s;k;-;U;r;a;l;s;k;y; ;A;i;r; ;B;a;s;e
K;o;m;p;o;n;g; ;T;h;o;m; ;A;i;r;p;o;r;t
W;h;i;t;e; ;R;i;v;e;r; ;A;i;r;p;o;r;t
I;z;m;i;r;-;C;u;m;a;o;v;a;s;i; ;A;i;r;p;o;r;t
S;a;n; ;J;u;a;n; ;A;i;r;p;o;r;t
C;h;i;g;o;r;o;d;ó; ;A;i;r;p;o;r;t
G;a;i;n;e;s;v;i;l;l;e; ;M;u;n;i;c;i;p;a;l; ;A;i;r;p;o;r;t
T;o;m;o;n;o;c;o
F;l;u;s;h;i;n;g; ;A;i;r;p;o;r;t
D;u;n;s;f;o;l;d; ;A;i;r;p;o;r;t
D;a;l;l;a;s;-;H;e;n;s;l;e;y; ;F;i;e;l;d; ;N;A;S
A;u;b;u;r;n; ;M;u;n;i;c;i;p;a;l; ;A;i;r;p;o;r;t
W;a;k;e;m;a;n; ;A;i;r;p;o;r;t
D;a;l;a;t;/;C;a;m;-;L;y
A;n;g;a;r;a;k;a;n; ;A;i;r;s;t;r;i;p
A;t;l;a;n;t;i;c; ;C;i;t;y;-;B;a;d;e;r; ;F;i;e;l;d
D;e;a;d;h;o;r;s;e;-;A;l;p;i;n;e; ;A;i;r;s;t;r;i;p
P;o;r;t; ;R;a;d;i;u;m
S;a;n; ;R;a;m;o;n; ;A;i;r;p;o;r;t
M;o;n;z;e; ;A;i;r;p;o;r;t
B;r;i;g;h;t;o;n; ;A;i;r;p;o;r;t
T;u;r;b;o;-;G;o;n;z;a;l;o; ;M;e;j;í;a; ;A;i;r;p;o;r;t
K;a;z;a;n;-;2; ;A;i;r;p;o;r;t
L;a; ;C;h;i;n;a
L;i;m;a; ;D;u;a;r;t;e;-;C;a;r;o;l;i;n;a; ;d;e; ;A;s;s;i;s; ;R;e;p;e;t;t;o; ;A;i;r;p;o;r;t
L;e;a;v;e;s;d;e;n; ;A;i;r;p;o;r;t
A;y;a;n;k;a; ;A;i;r;s;t;r;i;p
C;u;a;n;g;a;r; ;A;i;r;p;o;r;t
Y;o;r;o; ;A;i;r;p;o;r;t
M;a;p;a;i
V;i;d;i;n; ;A;i;r;p;o;r;t
F;o;r;i;s;h; ;A;i;r;s;t;r;i;p
P;o;i;n;t; ;H;o;p;e; ;A;i;r;p;o;r;t
S;a;n;f;o;r;d;-;L;e;e; ;C;o;u;n;t;y; ;R;e;g;i;o;n;a;l; ;A;i;r;p;o;r;t
U;r;i;b;e; ;A;i;r;p;o;r;t
P;u;t;-;i;n;-;B;a;y; ;A;i;r;p;o;r;t
A;l;a;t;n;a; ;R;i;v;e;r
R;i;c;h;l;a;n;d; ;A;i;r;p;o;r;t
G;r;o;z;n;y;y; ;A;i;r;p;o;r;t
D;o;s; ;L;a;g;u;n;a;s; ;A;i;r;p;o;r;t
G;r;e;y;b;u;l;l;-;S;o;u;t;h; ;B;i;g; ;H;o;r;n; ;C;o;u;n;t;y; ;A;i;r;p;o;r;t
V;i;c;t;o;r;i;a; ;H;a;r;b;o;u;r
C;l;e;w;i;s;t;o;n;-;A;i;r;g;l;a;d;e;s; ;A;i;r;p;o;r;t
P;a;p;u;n; ;A;i;r;p;o;r;t
K;a;l;a;m;a;z;o;o; ;I;n;t;e;r;n;a;t;i;o;n;a;l; ;A;i;r;p;o;r;t;,; ;M;I; ;(;A;Z;O;/;A;Z;O;)
P;o;r;t; ;K;a;i;t;u;m;a; ;A;i;r;p;o;r;t
B;e;l;l;o;n;a; ;A;i;r;p;o;r;t
Y;a;b;l;u;n;i;v;k;a; ;A;i;r;s;t;r;i;p
K;i;n;g;s;t;o;n;-;U;p; ;P;a;r;k; ;C;a;m;p; ;A;i;r; ;B;a;s;e
U;r;i;m;a;n; ;A;i;r;p;o;r;t
C;i;m;i;t;a;r;r;a; ;A;i;r;p;o;r;t
B;e;i;j;i;n;g;-;X;i;j;i;a;o; ;A;i;r;p;o;r;t
F;í;n;g;o;e; ;A;i;r;s;t;r;i;p
D;u;b;l;i;n;-;B;a;l;d;o;n;n;e;l; ;A;i;r; ;B;a;s;e
M;o;l;o;d;e;z;h;n;a;y;a; ;I;c;e; ;S;t;a;t;i;o;n
B;u;l;l;e;n; ;P;o;i;n;t; ;A;i;r; ;F;o;r;c;e; ;S;t;a;t;i;o;n
B;a;r;e;n;t;u; ;A;i;r;p;o;r;t
A;p;o;l;o; ;A;i;r;p;o;r;t
B;r;e;v;o;o;r;t; ;I;s;l;a;n;d; ;A;i;r;s;t;r;i;p
S;a;m;s;u;n; ;A;i;r;p;o;r;t
H;e;m;e;t;-;R;y;a;n; ;F;i;e;l;d
A;t;h;o;l;-;S;i;l;v;e;r;w;o;o;d; ;A;i;r;p;o;r;t
D;a;y;t;o;n;a; ;B;e;a;c;h;-;S;p;r;u;c;e; ;C;r;e;e;k; ;A;i;r;p;o;r;t
C;a;m;i;a;r;e; ;A;i;r;s;t;r;i;p
B;a;k;k;a;f;j;ö;r;d;u;r; ;A;i;r;p;o;r;t
W;i;c;h;i;t;a; ;F;a;l;l;s;-;K;i;c;k;a;p;o;o; ;A;i;r;p;o;r;t
V;a;l;p;a;r;a;i;s;o;-;W;a;g;n;e;r; ;F;i;e;l;d
B;a;g;h;d;a;d;-;S;a;d;d;a;m; ;I;n;t;e;r;n;a;t;i;o;n;a;l; ;A;i;r;p;o;r;t
A;n;n;a;n;b;e;r;g;-;N;o;d;a;b;u; ;A;i;r;s;t;r;i;p
P;a;i;p;a;-;J;u;a;n; ;J;o;s;e; ;R;o;n;d;o;n; ;A;i;r;p;o;r;t
P;e;r;e;v;o;z; ;A;i;r;s;t;r;i;p
U;s;t;-;K;u;l;o;m
C;a;p;e; ;E;l;e;u;t;h;e;r;a; ;A;i;r;p;o;r;t
H;a;w;t;h;o;r;n;e;-;F;e;a;t;h;e;r; ;A;i;r;p;a;r;k
S;e;k;a;k;e;s; ;A;i;r;p;o;r;t
P;e;n;o;n;o;m;é
S;e;v;e;r;o;m;u;y;s;k
I;m;o;n;d;a; ;A;i;r;p;o;r;t
C;h;i;c;k;e;n; ;A;i;r;p;o;r;t
N;o;v;o;r;o;s;s;i;y;s;k; ;A;i;r;p;o;r;t
M;u;k;a;l;l;a; ;A;i;r;p;o;r;t
N;a;s;i;r;i;y;a;h; ;A;i;r;p;o;r;t
R;o;n;d;o;n; ;A;i;r;p;o;r;t
P;e;t;r;o;v;s;k; ;A;i;r; ;B;a;s;e
U;k;u;r;e;y; ;A;i;r; ;B;a;s;e
M;i;r;a;f;l;o;r;e;s; ;A;i;r;p;o;r;t
N;e;t;h;e;r;a;v;o;n; ;A;i;r;p;o;r;t
Z;u;m;b;a; ;A;i;r;p;o;r;t
M;o;u;n;t;a;i;n; ;V;i;e;w; ;A;i;r;p;o;r;t
L;a;n;d;i;k;m;a; ;A;i;r;s;t;r;i;p
E;l; ;A;g;u;a;c;a;t;e; ;A;i;r;p;o;r;t
P;e;t;r;e;l;-;B;u;r;e;v;e;s;t;n;i;k; ;A;i;r;p;o;r;t
P;o;t;i; ;A;i;r;p;o;r;t
E;l; ;S;a;l;v;a;d;o;r; ;A;i;r;p;o;r;t
S;a;n;t;a; ;I;s;a;b;e;l; ;-; ;C;ó;r;d;o;b;a;-;E;s;c;u;e;l;a; ;D;e; ;A;v;i;a;c;i;o;n; ;M;i;l;i;t;a;r; ;A;i;r;p;o;r;t
K;i;l;l;e;e;n; ;M;u;n;i;c;i;p;a;l; ;A;i;r;p;o;r;t
U;r;u;z;g;a;n; ;A;i;r;p;o;r;t
L;o;n;k;i;n
V;e;r;k;h;n;e; ;I;m;b;a;t;s;k;o;y;e; ;A;i;r;p;o;r;t
S;z;a;r;v;a;s;-;K;á;k;a
T;o;b;i;n; ;C;r;e;e;k; ;A;i;r;s;t;r;i;p
S;a;i;n;t; ;P;e;t;e;r;s;b;u;r;g;-;R;z;h;e;v;k;a; ;A;i;r;p;o;r;t
M;o;k;h;o;t;l;o;n;g; ;A;i;r;p;o;r;t
O;p;o;l;e;/;P;o;l;s;k;a; ;N;o;w;a; ;W;i;e;s; ;A;i;r;p;o;r;t
B;a;g;u;a; ;A;i;r;p;o;r;t
W;a;t;e;r;v;i;l;l;e;-;R;o;b;e;r;t; ;L;a;f;l;e;u;r; ;A;i;r;p;o;r;t
W;i;l;t;o;n; ;A;i;r;p;o;r;t
N;a;n;c;h;a;n;g; ;X;i;a;n;g;t;a;n;g; ;A;i;r;p;o;r;t
P;e;r;r;i;s; ;V;a;l;l;e;y; ;A;i;r;p;o;r;t
V;e;r;k;h;o;y;a;n;s;k; ;A;i;r;p;o;r;t
C;a;b;i;m;a;s;-;O;r;o; ;N;e;g;r;o; ;A;i;r;p;o;r;t
G;u;n;t;e;r;s;v;i;l;l;e;-;M;u;n;i;c;i;p;a;l; ;A;i;r;p;o;r;t
J;e;n;k;i;n;s;b;u;r;g
C;u;i;t;o; ;C;u;a;n;a;v;a;l;e; ;A;i;r;p;o;r;t
W;i;l;t;o;n; ;A;i;r;f;i;e;l;d
R;i;d;g;e;l;a;n;d; ;A;i;r;p;o;r;t
P;r;u;d;h;o;e; ;B;a;y; ;A;i;r;p;o;r;t
E;d;m;o;n;t;o;n;-;N;a;m;a;o; ;F;i;e;l;d
B;r;a;n;s;o;n;/;P;o;i;n;t; ;L;o;o;k;o;u;t;-;M; ;G;r;a;h;a;m; ;C;l;a;r;k; ;A;i;r;p;o;r;t
N;e;r;c;h;i;n;s;k;i;y; ;Z;a;v;o;d
K;o;t;a;b;a;r;u;-;S;e;t;a;g;e;n; ;A;i;r;p;o;r;t
L;e;n;i;n;g;r;a;d;-;R;z;h;e;v;k;a; ;A;i;r;p;o;r;t
V;i;l;l;a; ;C;o;n;s;t;i;t;u;c;i;o;n; ;A;i;r;p;o;r;t
K;o;b;y;a;y; ;A;i;r;s;t;r;i;p
S;n;e;g;a;m;o;o;k; ;L;a;k;e
T;a;b;o;u; ;A;i;r;p;o;r;t
E;l;y;r;i;a; ;A;i;r;p;o;r;t
M;a;n;g;o;l;e; ;A;i;r;p;o;r;t
B;u;f;f;a;l;o; ;M;u;n;i;c;i;p;a;l; ;A;i;r;p;o;r;t
Q;a;l;a; ;i; ;N;a;w; ;A;i;r;p;o;r;t
M;b;a;l;a; ;A;i;r;p;o;r;t
C;h;r;i;s;t;i;a;n;s;t;e;d; ;H;a;r;b;o;r; ;S;P;B;,; ;S;a;i;n;t; ;C;r;o;i;x
L;a; ;M;a;c;a;r;e;n;a; ;A;i;r;p;o;r;t
K;a;n;a;b;e;a; ;A;i;r;p;o;r;t
O;g;e;r;a;n;a;n;g; ;A;i;r;p;o;r;t
M;a;d;i;s;o;n;v;i;l;l;e; ;M;u;n;i;c;i;p;a;l; ;A;i;r;p;o;r;t
S;a;l;d;u;s
M;o;n;t;a;g;u;e;-;S;i;s;k;i;y;o;u; ;C;o;u;n;t;y; ;A;i;r;p;o;r;t
B;r;o;o;k;f;i;e;l;d; ;F;a;r;m
C;o;c;h;i;n; ;N;A;S
K;a;s;b;a; ;L;a;k;e
T;a;r;n;o;g;s;k;y; ;G;o;r;o;d;o;k; ;A;i;r;p;o;r;t
C;a;g;a;y;a;n; ;d;e; ;S;u;l;u; ;A;i;r;p;o;r;t
S;a;n; ;I;g;n;a;c;i;o; ;D;e; ;M;o;x;o;s; ;A;i;r;p;o;r;t
D;o;r;i; ;A;i;r;p;o;r;t
R;i;o; ;d;e; ;C;o;n;t;a;s;-;R;i;o; ;d;e; ;C;o;n;t;a;s; ;A;i;r;p;o;r;t
L;i;n;f;e;n; ;A;i;r; ;B;a;s;e
K;r;y;m;s;k; ;A;i;r; ;B;a;s;e
C;h;a;r;b;a;t;i;a; ;A;i;r; ;B;a;s;e
B;e;l;k;a;c;h;i; ;A;i;r;p;o;r;t
H;a;m;a;d;a; ;a;l; ;H;a;m;r;a; ;A;i;r;f;i;e;l;d
M;u;y;a; ;A;i;r;p;o;r;t
I;s;l;a;s; ;D;e;l; ;C;i;s;n;e; ;A;i;r;p;o;r;t
L;a;g;o; ;A;g;r;i;o; ;A;i;r;p;o;r;t
P;r;z;h;e;v;a;l;s;k; ;A;i;r;p;o;r;t
U;n;c;e;r;t;a;i;n
Q;a;c;h;a;';s; ;N;e;k; ;A;i;r;p;o;r;t
E;d;m;o;n;t;o;n;-;C;F;B
S;u;m;q;a;y;i;t;-;N;a;s;o;s;n;a;y;a; ;A;i;r; ;B;a;s;e
K;e;t;c;h;i;k;a;n;-;W;a;t;e;r;f;r;o;n;t; ;S;P;B
M;u;k;a;c;h;e;v;o; ;A;i;r;p;o;r;t
N;o;v;g;o;r;o;d;-;K;r;e;c;h;e;v;i;t;s;y; ;A;i;r;p;o;r;t
G;r;i;m;s;b;y;-;B;i;n;b;r;o;o;k; ;A;i;r;p;o;r;t
C;o;c;k;a;t;o;o; ;I;s;l;a;n;d; ;A;i;r;p;o;r;t
A;u;r;o;r;a;/;S;u;g;a;r; ;G;r;o;v;e; ;A;i;r;p;o;r;t
K;o;r;o;m;i;k;o
B;a;d;i;r;a;g;u;a;t;o; ;A;i;r;p;o;r;t
B;o;b;o;c; ;A;i;r; ;B;a;s;e
K;a;r;a;k;o;l; ;I;n;t;e;r;n;a;t;i;o;n;a;l; ;A;i;r;p;o;r;t
L;e;o;n;g;a;t;h;a
K;a;c;h;a; ;A;i;r; ;B;a;s;e
C;o;n;t;a;d;o;r;a; ;A;i;r;p;o;r;t
N;o;v;g;o;r;o;d; ;A;i;r;p;o;r;t
P;l;a;t;t;s;b;u;r;g;h;-;C;l;i;n;t;o;n; ;C;o;u;n;t;y; ;A;i;r;p;o;r;t
T;h;i;s;t;l;e; ;L;a;k;e
K;o;k;a;n;d; ;A;i;r;p;o;r;t
P;o;l;i;n;y; ;O;s;i;p;e;n;k;o
K;u;n;g;r;a;d; ;A;i;r;s;t;r;i;p
C;o;c;o;s; ;I;s;l;a;n;d;s; ;A;i;r;p;o;r;t; ;(;C;C;K;/;Y;P;C;C;);,; ;C;o;c;o;s; ;(;K;e;e;l;i;n;g;); ;I;s;l;a;n;d;s
C;h;i;c;o;u;t;i;m;i; ;S;t; ;H;o;n;o;r;é; ;A;i;r;p;o;r;t
E;s;t;a;n;c;i;a; ;l;a; ;E;s;p;e;r;a;n;z;a
R;y;a;z;a;n; ;A;i;r;p;o;r;t
B;e;l;l;a;v;i;s;t;a; ;A;i;r;p;o;r;t
S;t;u;r;d;e;e; ;A;i;r;p;o;r;t
V;e;l;s;k; ;A;i;r;p;o;r;t
S;a;i;n;t;-;M;i;c;h;e;l;-;d;e;s;-;S;a;i;n;t;s;/;L;a;c; ;K;a;i;a;g;a;m;a;c; ;W;a;t;e;r; ;A;e;r;o;d;r;o;m;e
R;i;v;i;è;r;e;-;a;u;-;S;a;u;m;o;n
J;a;m;b;a; ;A;i;r;p;o;r;t
S;c;h;e;f;f;e;r;v;i;l;l;e;/;S;q;u;a;w; ;L;a;k;e; ;W;a;t;e;r; ;A;e;r;o;d;r;o;m;e
U;s;t;-;N;e;m
P;a;t;r;i;o;t; ;H;i;l;l;s
P;o;g;a;p;a
E;s;t;a;n;c;i;a; ;E;l; ;T;r;o;m;p;i;l;l;o
P;o;s;t;e; ;M;o;n;t;a;g;n;a;i;s; ;A;i;r;p;o;r;t
S;t;e;p;a;n;a;k;e;r;t; ;A;i;r;p;o;r;t
L;a; ;P;a;r;a;g;u;a; ;A;i;r;p;o;r;t
K;h;o;r;o;g; ;A;i;r;p;o;r;t
A;m;p;u;r;i;a;b;r;a;v;a; ;A;i;r;p;o;r;t
N;i;k;a;b;u;n;a; ;L;a;k;e
D;a;l;y; ;R;i;v;e;r; ;A;i;r;p;o;r;t
W;i;n;c;h;e;s;t;e;r; ;R;e;g;i;o;n;a;l; ;A;i;r;p;o;r;t
V;o;r;o;g;o;v;o
S;a;n; ;F;e;l;i;p;e;-;V;í;c;t;o;r; ;L;a;f;ó;n; ;A;i;r;p;o;r;t
H;u;t; ;B;a;y
U;s;t;-;K;u;i;g;a
B;r;o;n;s;o;n; ;C;r;e;e;k; ;A;i;r;p;o;r;t
W;e;s;t;o;n;-;o;n;-;t;h;e;-;G;r;e;e;n; ;R;A;F; ;S;t;a;t;i;o;n
T;u;r;a; ;A;i;r;p;o;r;t
M;o;s;c;o;w;-;T;u;s;h;i;n;o; ;A;i;r;p;o;r;t
E;d;m;o;n;t;o;n;/;V;i;l;l;e;n;e;u;v;e; ;A;i;r;p;o;r;t
E;n;g;e;l;s; ;A;i;r; ;F;o;r;c;e; ;B;a;s;e
S;l;a;v;g;o;r;o;d; ;A;i;r;p;o;r;t
Y;e;g;o;r;y;e;v;s;k;-;S;h;u;v;o;y;e; ;A;i;r;p;o;r;t
T;a;k;u; ;L;o;d;g;e;-;T;a;k;u; ;S;P;B
B;a;h;i;a; ;N;e;g;r;a; ;A;i;r;p;o;r;t
D;z;h;i;d;a; ;A;i;r; ;B;a;s;e
S;e;l;b;a;n;g; ;A;i;r;p;o;r;t
P;l;a;n;e;t; ;D;o;w;n;s; ;A;i;r;s;t;r;i;p
A;i;c;h;a;c;h
N;o;r;t;h; ;A;d;a;m;s;-;H;a;r;r;i;m;a;n;-;a;n;d;-;W;e;s;t; ;A;i;r;p;o;r;t
C;o;r;a;l;i;c;i; ;A;i;r;p;o;r;t
P;u;e;r;t;o; ;l;a; ;V;i;c;t;o;r;i;a; ;A;i;r;p;o;r;t
T;r;o;u;t; ;L;a;k;e
F;i;s;h; ;E;g;g; ;I;n;l;e;t
Q;u;i;p;a;m;a;-;F;u;r;a;t;e;n;a; ;A;i;r;p;o;r;t
T;h;e; ;G;r;o;v;e; ;A;i;r;p;o;r;t
B;o;r;a;m;a; ;A;i;r;p;o;r;t
B;i;l;i; ;A;i;r;s;t;r;i;p
R;o;g;e;r;s; ;M;u;n;i;c;i;p;a;l; ;A;i;r;p;o;r;t;-;C;a;r;t;e;r; ;F;i;e;l;d
S;a;i;n;t; ;L;o;u;i;s;-;B;i;-;S;t;a;t;e; ;P;a;r;k;s; ;A;i;r;p;o;r;t
T;r;i;u;m;p;h; ;B;a;y
F;a;r;e;w;e;l;l; ;A;i;r;p;o;r;t
T;o;o;g;o;o;l;a;w;a;h; ;A;i;r;p;o;r;t
S;i;b;a;y; ;A;i;r;p;o;r;t
C;a;f;u;n;f;o; ;A;i;r;p;o;r;t
L;u;z;i;â;n;i;a; ;A;i;r;p;o;r;t
U;n;c;í;a; ;A;i;r;p;o;r;t
E;s;p;i;n;a;l;-;A;g;u;a;b;l;a;n;c;a; ;A;g;r;i;c;u;l;t;u;r;a;l; ;A;i;r;s;t;r;i;p
K;a;r;i;m;u;i; ;A;i;r;p;o;r;t
L;a;c; ;B;o;n;d;é;s;i;r
H;e;r;p;u;c;h;i
M;i;n;g;a;n; ;A;i;r;p;o;r;t
K;o;u;n;d;a;r;a;-;S;a;m;b;a;i;l;o; ;A;i;r;p;o;r;t
B;o;s;a;v;i; ;A;i;r;s;t;r;i;p
K;a;m;u;r; ;A;i;r;p;o;r;t
C;o;c;h;e;n;o;u;r
O;b;a;n;o; ;A;i;r;p;o;r;t
T;a;s;u; ;A;i;r;p;o;r;t
T;y;n;d;a; ;A;i;r;p;o;r;t
S;a;i;n;t; ;J;o;h;n;s; ;M;u;n;i;c;i;p;a;l; ;A;i;r;p;o;r;t
M;o;r;e;t;o;n; ;A;i;r;p;o;r;t
L;u;r;e;m;o; ;A;i;r;s;t;r;i;p
M;e;n;y;a;m;y;a; ;A;i;r;p;o;r;t
K;h;a;n;d;y;g;a
B;a;h;í;a; ;T;o;r;t;u;g;a;s; ;A;i;r;f;i;e;l;d
C;h;a;i;l;l;e;y; ;A;i;r;p;o;r;t
M;o;s;t; ;P;y;s;s;a; ;A;i;r;f;i;e;l;d
A;n;d;r;e;a;p;o;l; ;A;i;r; ;B;a;s;e
K;w;e;b;a;n;n;a; ;A;i;r;s;t;r;i;p
M;a;d;i;s;o;n;-;B;r;u;c;e; ;C;a;m;p;b;e;l;l; ;F;i;e;l;d; ;A;i;r;p;o;r;t
B;a;r;r;o;w;-;P;o;i;n;t; ;B;a;r;r;o;w; ;A;i;r;p;o;r;t
G;r;i;f;f;i;n;-;S;p;a;l;d;i;n;g; ;C;o;u;n;t;y; ;A;i;r;p;o;r;t
L;a; ;V;e;r;t;i;e;n;t;e; ;A;i;r;f;i;e;l;d
K;o;i;n;a;m;b;e; ;A;i;r;p;o;r;t
N;u;n;a;p;i;t;c;h;u;k; ;A;i;r;p;o;r;t
W;e;l;l;s;v;i;l;l;e; ;M;u;n;i;c;i;p;a;l; ;A;i;r;p;o;r;t
S;i;l;v;e;r; ;C;i;t;y;-;G;r;a;n;t; ;C;o;u;n;t;y; ;A;i;r;p;o;r;t
E;r;d;e;n;e;t; ;A;i;r;p;o;r;t
N;i;x;o;n; ;F;o;r;k; ;M;i;n;e
M;e;n;a; ;I;n;t;e;r;m;o;u;n;t;a;i;n; ;M;u;n;i;c;i;p;a;l; ;A;i;r;p;o;r;t
L;e;k;k;i
P;l;a;y;a; ;G;r;a;n;d;e; ;A;i;r;p;o;r;t
M;a;i;d;e;n;-;L;i;t;t;l;e; ;M;o;u;n;t;a;i;n; ;A;i;r;p;o;r;t
L;o;n;g; ;H;a;u;l; ;L;a;k;e
L;o;m;a; ;B;o;n;i;t;a; ;A;i;r; ;B;a;s;e
A;G;O;-;6;,; ;A;n;t;a;r;c;t;i;c;a
A;r;a;k;k;o;n;a;m; ;N;a;v;a;l; ;A;i;r; ;S;t;a;t;i;o;n
K;w;a;n;d;o; ;A;i;r;s;t;r;i;p
M;a;n;d;e;r;a; ;A;i;r;p;o;r;t
P;o;r;t;o; ;V;e;l;h;o;-;A;e;r;o;c;l;u;b;e; ;d;e; ;R;o;n;d;õ;n;i;a; ;A;i;r;f;i;e;l;d
K;o;p;i;a;g;o; ;A;i;r;p;o;r;t
T;a;p;a;u;á; ;A;i;r;p;o;r;t
P;u;t;u;m;a;y;o; ;A;i;r;p;o;r;t
O;l; ;K;i;o;m;b;o
S;a;n;t;a; ;L;u;c;í;a; ;A;i;r; ;B;a;s;e
L;u;z;a;m;b;a; ;A;i;r;p;o;r;t
H;i;n;c;k;l;e;y; ;A;i;r;p;o;r;t
P;e;p;a; ;A;i;r;p;o;r;t
A;s;t;r;a;k;h;a;n;-;P;r;i;v;o;l;z;h;s;k;i;y; ;A;i;r; ;B;a;s;e
C;a;g;a;y;a;n;c;i;l;l;o; ;A;i;r;p;o;r;t
S;a;l;i;m;a; ;A;i;r;p;o;r;t
L;a; ;G;r;a;n;d;e;-;L;G;-;3; ;a;i;r;s;t;r;i;p
B;a;p;i; ;A;i;r;p;o;r;t
E;r;a;v;e; ;A;i;r;p;o;r;t
E;s;t;a;n;c;i;a; ;L;a;s; ;C;r;u;c;e;s
P;a;r;k;e;r; ;A;i;r;p;o;r;t
E;d;m;o;n;t;o;n;/;C;o;o;k;i;n;g; ;L;a;k;e; ;A;i;r;p;o;r;t
K;a;t;o; ;A;i;r;p;o;r;t
D;a;y;t;o;n;-;G;r;e;e;n;e; ;C;o;u;n;t;y;-;L;e;w;i;s; ;A;.; ;J;a;c;k;s;o;n; ;R;e;g;i;o;n;a;l; ;A;i;r;p;o;r;t
K;a;m;a
P;a;r;n;a;m;i;r;i;m
A;d;a;r; ;Y;e;l; ;A;i;r;s;t;r;i;p
L;u;a;u; ;A;i;r;p;o;r;t
R;z;h;e;v; ;A;i;r; ;B;a;s;e
G;o;o;s;e; ;(;O;t;t;e;r; ;C;r;e;e;k;); ;W;a;t;e;r; ;A;e;r;o;d;r;o;m;e
I;t;a;i;t;u;b;a;-;F;a;z;e;n;d;a; ;C;o;n;f;o;r;t;o; ;A;i;r;p;o;r;t
D;e;c;a;t;u;r;-;B;i;s;h;o;p; ;A;i;r;f;i;e;l;d
S;r;e;d;n;y;a;y;a; ;A;k;h;t;u;b;a; ;A;i;r;f;i;e;l;d
M;o;u;l;i;n;s;-;A;v;e;r;m;e;s; ;A;i;r;p;o;r;t
K;h;a;t;g;a;l; ;A;i;r;p;o;r;t
B;a;l;l;i;e;s;t;o;n; ;E;a;s;t
M;u;s;i;a;r;a; ;A;i;r;s;t;r;i;p
L;o;v;o;z;e;r;o; ;A;i;r;f;i;e;l;d
S;a;r;d;e;h; ;B;a;n;d; ;A;i;r;p;o;r;t
M;a;r;a; ;N;g;e;r;e;n;d;e; ;A;i;r;s;t;r;i;p
S;v;a;l;e;n;i;k; ;A;i;r;s;t;r;i;p
E;l;k; ;I;s;l;a;n;d; ;A;i;r;p;o;r;t
T;w;e;n;t;y;n;i;n;e; ;P;a;l;m;s; ;A;i;r;p;o;r;t
L;a;k;e; ;d;e; ;l;';A;v;i;o;n
M;i;n;d;e;n;-;T;a;h;o;e; ;A;i;r;p;o;r;t
T;e;r;v;e;l; ;A;i;r;s;t;r;i;p
P;l;a;i;n;v;i;l;l;e;-;R;o;b;e;r;t;s;o;n; ;A;i;r;p;o;r;t
G;o;h;u; ;A;i;r;s;t;r;i;p
C;r;e;s;w;e;l;l;-;H;o;b;b;y; ;F;i;e;l;d; ;A;i;r;p;o;r;t
K;i;l;e;m;b;w;e
S;ã;o; ;J;o;ã;o; ;d;e;l; ;R;e;i; ;A;i;r;p;o;r;t
M;a;c;o;n;a;c;o;n; ;A;i;r;p;o;r;t
P;o;r;t; ;d;e; ;P;o;l;l;e;n;ç;a
M;a;r;i;a;l; ;B;a;l; ;A;i;r;s;t;r;i;p
M;o;r;r;i;n;h;o;s; ;A;i;r;p;o;r;t
J;e;l;l;i;c;o;e
T;u;l;u;m; ;A;i;r;p;o;r;t
L;a;c; ;d;u; ;B;o;n;n;e;t; ;(;N;o;r;t;h;); ;S;P;B
O;b;u;a;s;i; ;A;i;r;s;t;r;i;p
R;o;o;i;s;a;n;d; ;D;e;s;e;r;t; ;R;a;n;c;h
M;å;l;ö;g;a
F;o;s;s;i;l; ;B;l;u;f;f
O;l;d; ;F;a;n;g;a;k
L;a;r;a;n;d;i;a; ;A;i;r; ;B;a;s;e
B;o;r;k;i; ;A;i;r;p;o;r;t
L;a;n;k;e;i;n; ;A;i;r;s;t;r;i;p
P;a;t;t;a;y;a; ;A;i;r;p;o;r;t
G;a;n;e;s; ;C;r;e;e;k
C;o;r;o;n; ;A;i;r;p;o;r;t
K;a;n;a;n;t;i;k; ;A;i;r;s;t;r;i;p
J;i;e;c;h
L;a;s; ;G;a;v;i;o;t;a;s; ;A;i;r;p;o;r;t
B;a;r;r;a;n;c;o;m;i;n;a;s; ;A;i;r;p;o;r;t
S;u;m;m;e;r;s;v;i;l;l;e; ;A;i;r;p;o;r;t
H;a;l;l;o; ;B;a;y
S;t;u;r;t; ;I;s;l;a;n;d
H;a;w;k; ;J;u;n;c;t;i;o;n; ;W;a;t;e;r; ;A;e;r;o;d;r;o;m;e
P;u;n;t;a; ;G;o;r;d;a; ;A;i;r;p;o;r;t
B;o;z;o;y
M;e;n;z;e;l; ;L;e;j;m;a;t; ;N;o;r;t;h
Ø;s;t;r;e; ;Æ;r;a; ;A;i;r;p;o;r;t
S;e;i;a; ;A;i;r;p;o;r;t
T;e;r;r;a;c;e; ;B;a;y; ;A;i;r;p;o;r;t
F;e;r;g;u;s; ;F;a;l;l;s; ;A;i;r;p;o;r;t
B;a;y; ;V;i;e;w;-;R;a;n;c;h;o; ;B;u;e;n;a; ;V;i;s;t;a; ;A;i;r;p;o;r;t
E;k;e;t; ;a;i;r;s;t;r;i;p
L;u;p;i;n; ;A;i;r;p;o;r;t
C;h;i;c;a;n;o
R;i;t;t;m;a;n;-;H;i;l;t;y; ;F;i;e;l;d
S;t;e;b;b;i;n;s; ;A;i;r;p;o;r;t
Z;a;c;a;p;a; ;A;i;r;p;o;r;t
K;a;m;p;e;n;e; ;A;i;r;p;o;r;t
S;a;n;t;a; ;I;s;a;b;e;l; ;d;o; ;R;i;o; ;N;e;g;r;o
C;h;a;g;u;a;l; ;A;i;r;p;o;r;t
S;a;n;g;a;r
E;k;i;m;c;h;a;n
G;l;o;b;e;-;S;a;n; ;C;a;r;l;o;s; ;A;p;a;c;h;e; ;A;i;r;p;o;r;t
Y;e;l;l;o;w;k;n;i;f;e; ;W;a;t;e;r;d;r;o;m;e
V;a;l;l;e;y;v;i;e;w; ;A;i;r;p;o;r;t
I;t;a;i;t;u;b;a;-;M;u;n;d;i;c;o; ;C;o;e;l;h;o; ;A;i;r;p;o;r;t
K;a;p;o;e;t;a; ;A;i;r;p;o;r;t
S;t;r;a;t;f;o;r;d
P;i;n;e;h;o;u;s;e; ;L;a;k;e; ;A;i;r;p;o;r;t
B;a;g;a;y;-;B;a;r;a;n;o;v;k;a; ;A;i;r;p;o;r;t
B;e;l;i;z;e; ;C;i;t;y; ;M;u;n;i;c;i;p;a;l; ;A;i;r;p;o;r;t
N;a;t;i;n;g;a; ;A;i;r;p;o;r;t
H;a;l;l;e;y; ;R;e;s;e;a;r;c;h; ;S;t;a;t;i;o;n
M;a;n;z;e;n;g;w;e;n;y;a; ;A;e;r;o;d;r;o;m;e
B;r;o;w;n;w;o;o;d; ;A;i;r;p;o;r;t
L;a;c; ;L;a; ;B;i;c;h;e; ;A;i;r;p;o;r;t
Z;a;l;i;n;g;e;i; ;A;i;r;p;o;r;t
R;i;c;e;b;o;r;o;-;H;a;r;v;e;s;t; ;L;a;k;e
T;e;r;s;k;y
L;e;o;n;a;r;d;t;o;w;n;-;S;a;i;n;t; ;M;a;r;y;';s; ;C;o;u;n;t;y; ;A;i;r;p;o;r;t
K;o;z;l;o;v;e;t;s
K;l;e;i;n;';s; ;C;a;m;p; ;A;i;r;s;t;r;i;p
W;u;n;r;o;k; ;A;i;r;s;t;r;i;p
T;a;i;y;n;s;h;a; ; ;A;i;r;p;o;r;t
A;r;a;n;c;h;i; ;A;i;r;s;t;r;i;p
L;u;g;u;s;h;w;a
W;a;l;i;k;a;l;e; ;A;i;r;s;t;r;i;p
S;p;a;n;i;s;h; ;F;o;r;k;-;S;p;r;i;n;g;v;i;l;l;e; ;A;i;r;p;o;r;t
P;u;k;s;i;n;k;a; ;A;i;r;f;i;e;l;d
S;a;n; ;D;i;e;g;o;-;M;o;n;t;g;o;m;e;r;y; ;F;i;e;l;d
K;o;c;h;i; ;N;A;S
J;o;a;q;u;í;n; ;V;.; ;G;o;n;z;á;l;e;z;-;E;s;t;a;n;c;i;a; ;C;r;e;s;u;d; ;A;i;r;s;t;r;i;p
S;u;l;l;i;v;a;n; ;R;e;g;i;o;n;a;l; ;A;i;r;p;o;r;t
L;o;n;g; ;L;a;y;u; ;A;i;r;s;t;r;i;p
C;o;r;o;z;a;l; ;A;i;r;p;o;r;t
K;i;c;k;a;p;o;o; ;D;o;w;n;t;o;w;n; ;A;i;r;p;a;r;k
K;a;t;t;i;n;i;q;/;D;o;n;a;l;d;s;o;n; ;L;a;k;e; ;A;i;r;p;o;r;t
L;i;t;t;l;e; ;W;h;a;l;e; ;C;a;y; ;A;i;r;p;o;r;t
H;a;m;i;l;t;o;n;-;R;a;v;a;l;l;i; ;C;o;u;n;t;y; ;A;i;r;p;o;r;t
S;u;m;b;a;w;a;n;g;a; ;A;i;r;p;o;r;t
G;u;a;d;a;l;c;a;n;a;l;-;L;o;s; ;T;o;m;i;l;l;a;r;e;s; ;A;i;r;s;t;r;i;p
S;a;i;n;t; ;J;o;h;n; ;I;s;l;a;n;d; ;A;i;r;p;o;r;t
S;t;a;r;-;S;n;a;k;e; ;R;i;v;e;r; ;S;k;y;d;i;v;i;n;g; ;A;i;r;p;o;r;t
O;r;e;l;l;a;n;a; ;A;i;r;p;o;r;t
A;n;t;a;b;a;r;e; ;A;i;r;p;o;r;t
S;t;a;n;l;e;y; ;A;i;r;p;o;r;t
W;i;n;c;h;e;s;t;e;r; ;M;u;n;i;c;i;p;a;l; ;A;i;r;p;o;r;t
M;u;n;c;h;o; ;L;a;k;e;-;M;i;l;e; ;4;6;2; ;W;a;t;e;r; ;A;e;r;o;d;r;o;m;e
M;y;s;t;i;c; ;L;a;k;e; ;L;o;d;g;e; ;A;i;r;s;t;r;i;p
P;u;n;i;a; ;A;i;r;p;o;r;t
A;n; ;N;a;e;e;m; ;A;i;r;s;t;r;i;p
B;o;l;s;h;o;e; ;G;r;y;z;l;o;v;o; ;A;i;r;p;o;r;t
P;o;t;t;s;t;o;w;n;/;L;i;m;e;r;i;c;k; ;A;i;r;p;o;r;t
P;u;n;t;a; ;C;h;i;v;a;t;o; ;A;i;r;s;t;r;i;p
Š;e;n;t;v;i;d; ;p;r;i; ;S;t;i;c;n;i; ;A;i;r;f;i;e;l;d
V;o;l;o;k;o;v;a;y;a; ;A;i;r;p;o;r;t
B;r;i;d;g;e;w;a;t;e;r; ;A;i;r; ;P;a;r;k
G;r;e;e;n;s;b;u;r;g;-;D;e;c;a;t;u;r; ;C;o;u;n;t;y; ;A;i;r;p;o;r;t
B;u;t;u;r;l;i;n;o;v;k;a; ;A;i;r; ;B;a;s;e
R;e;n;o;-;S;t;e;a;d; ;A;i;r;p;o;r;t
D;o;r;o; ;A;i;r;s;t;r;i;p
E;n;a;r;o;t;a;l;i; ;A;i;r;p;o;r;t
E;w;e;r; ;A;i;r;p;o;r;t
K;i;c;h;w;a; ;T;e;m;b;o; ;A;i;r;s;t;r;i;p
G;r;y;t;t;j;o;m
D;o;l;i;n;s;k;-;S;o;k;o;l; ;A;i;r; ;B;a;s;e
U;m;g;a;l;a;l;a; ;A;i;r;s;t;r;i;p
M;e;s;t;e;r;s;v;i;g; ;A;i;r; ;B;a;s;e
M;a;r;i;d;i; ;A;i;r;p;o;r;t
B;i;s;h;k;e;k; ;D;i;s;t;r;i;c;t; ;A;i;r;p;o;r;t
N;o;v;o;l;a;z;a;r;e;v;s;k;a;y;a; ;S;t;a;t;i;o;n
D;e;k;a;i; ;A;i;r;p;o;r;t
I;n;t;u;t;o; ;A;i;r;p;o;r;t
S;e;o;n;g;m;u; ;A;i;r; ;B;a;s;e
H;a;l;a;v;e;l;i; ;I;s;l;a;n;d; ;R;e;s;o;r;t
S;h;a;b;u;n;d;a; ;A;i;r;p;o;r;t
S;e;m;e;n;d;w;a; ;A;i;r;p;o;r;t
S;a;n;t;a; ;I;s;a;b;e;l; ;A;i;r;p;o;r;t
L;a;k;e; ;N;e;r;k;a;-;G;C;I; ;L;o;d;g;e
F;e;l;i;p;e; ;C;a;r;r;i;l;l;o; ;P;u;e;r;t;o; ;A;i;r;f;i;e;l;d
M;o;n;t;m;a;g;n;y; ;A;i;r;p;o;r;t
P;a;l;m;e;r;-;W;o;l;f; ;L;a;k;e; ;A;i;r;p;o;r;t
P;i;a;j;o; ;A;i;r;s;t;r;i;p
A;r;t;e;s;i;a; ;A;i;r;p;o;r;t
C;o;l;d;f;o;o;t; ;A;i;r;p;o;r;t
Z;a;s;o;v;k;a;y;a; ;A;i;r;s;t;r;i;p
O;l;d; ;H;a;r;b;o;r; ;A;i;r;p;o;r;t
M;e;s;q;u;i;t;e; ;A;i;r;p;o;r;t
K;u;l;u;s;u;k; ;A;i;r;p;o;r;t
X;a;k;a;n;a;k;a; ;A;i;r;s;t;r;i;p
T;h;o;r; ;L;a;k;e
T;h;a;r;j;a;t;h; ;A;i;r;s;t;r;i;p
B;a;r;r;a; ;d;o; ;V;e;n;t;o; ;A;i;r;p;o;r;t
K;i;e;l;c;e;-;M;a;s;l;?;w; ;A;i;r;p;o;r;t
B;a;r;a;n;i;k;o;v;s;k;y; ;A;i;r;f;i;e;l;d
Q;a;l;a;t; ;A;i;r;s;t;r;i;p
C;l;a;y;t;o;n; ;C;o;u;n;t;y; ;A;i;r;p;o;r;t;-;T;a;r;a; ;F;i;e;l;d
Z;e;y;a; ;A;i;r;p;o;r;t
N;g;e;r;e;n;d;e; ;A;i;r;s;t;r;i;p
H;o;l;t;a;n;n;a; ;G;l;a;c;i;e;r
G;r;e;e;n;w;o;o;d; ;C;o;u;n;t;y; ;A;i;r;p;o;r;t
Y;u;g;o;r;s;k;-;2; ;A;i;r;f;i;e;l;d
T;a;n;a;y; ;A;i;r;f;i;e;l;d
S;n;o;w; ;L;a;k;e; ;A;i;r;p;o;r;t
L;i;l;y; ;B;e;a;c;h; ;R;e;s;o;r;t;,; ;H;u;v;a;h;e;n;d;h;o;o;,; ;A;l;i;f; ;D;h;a;a;l; ;A;t;o;l;l
M;e;l;g;a;r;-;T;o;l;e;m;a;i;d;a; ;A;i;r; ;B;a;s;e
L;a; ;Y;e;s;c;a; ;A;i;r;s;t;r;i;p
B;o;r;o;d;y;a;n;k;a; ;A;i;r;f;i;e;l;d
P;o;r;t;e;r;v;i;l;l;e; ;A;i;r;p;o;r;t
A;r;b;y;n; ;A;i;r;f;i;e;l;d
K;a;m;u;s;i; ;A;i;r;p;o;r;t
L;o;s; ;P;e;l;a;m;b;r;e;s; ;A;i;r;p;o;r;t
T;a;s;h; ;K;u;m;y;r; ;A;i;r;s;t;r;i;p
C;o;o;k;s;t;o;w;n; ;A;i;r;p;o;r;t
S;p;r;i;n;g;f;i;e;l;d; ;R;o;b;e;r;t;s;o;n; ;C;o;u;n;t;y; ;A;i;r;p;o;r;t
S;o;u;t;h; ;P;o;l;e;-;A;m;u;n;d;s;e;n;-;S;c;o;t;t; ;S;t;a;t;i;o;n
I;s;l;a; ;d;e;l; ;R;e;y;-;P;u;n;y;a; ;C;o;c;o; ;A;i;r;s;t;r;i;p
P;i;k;a;n;y; ;I;n;d;i;a;n; ;A;i;r;s;t;r;i;p
D;j;o;l;u; ;A;i;r;p;o;r;t
S;h;a;k;h;t;y; ;A;i;r;p;o;r;t
L;i;k;a;w;a;g;e; ;A;i;r;s;t;r;i;p
S;c;o;t;t; ;L;a;k;e; ;L;o;d;g;e
F;e;r;t;ö;s;z;e;n;t;m;i;k;l;ó;s; ;A;i;r;p;o;r;t
E;l; ;W;a;k; ;A;i;r;f;i;e;l;d
E;s;t;a;n;c;i;a; ;L;a; ;N;u;e;v;a; ;A;i;r;s;t;r;i;p
O;l;i;v;e; ;C;r;e;e;k; ;A;i;r;p;o;r;t
O;l;s;z;t;y;n;/;D;a;j;t;k;i; ;A;i;r;p;o;r;t
V;a;r;r;e;l;b;u;s;c;h; ;A;i;r;p;o;r;t
G;r;y;a;z;i; ;A;i;r;f;i;e;l;d
S;h;o;y;n;a; ;A;i;r;p;o;r;t
B;o;u;l;d;e;r; ;C;i;t;y; ;M;u;n;i;c;i;p;a;l; ;A;i;r;p;o;r;t
P;r;o;t;o;t;s;k;i;y;e; ;A;i;r;s;t;r;i;p
W;o;i;t;a;p;e; ;A;i;r;p;o;r;t
S;a;b;i; ;S;a;b;i; ;A;i;r;p;o;r;t
B;r;i;t;t;a;s; ;H;o;u;s;e; ;A;i;r;f;i;e;l;d
F;o;z; ;D;o; ;I;g;u;a;ç;u;-;E;s;t;â;n;c;i;a; ;H;é;r;c;u;l;e;s; ;A;i;r;p;o;r;t
C;e;i;b;a;-;J;o;s;e; ;A;p;o;n;t;e; ;d;e; ;l;a; ;T;o;r;r;e; ;A;i;r;p;o;r;t
L;a;d;o;w;i;s;k;o; ;C;h;r;c;y;n;n;o; ;A;i;r;f;i;e;l;d
I;l;i;a;m;n;a;-;E;a;s;t; ;W;i;n;d; ;L;a;k;e; ;S;e;a;p;l;a;n;e; ;B;a;s;e
K;o;m;a;n;d;o;o; ;A;i;r;p;o;r;t
B;e;l;m;a;r;/;F;a;r;m;i;n;g;d;a;l;e;-;M;o;n;m;o;u;t;h; ;E;x;e;c;u;t;i;v;e; ;A;i;r;p;o;r;t
S;e;b;a;s;t;i;a;n; ;M;u;n;i;c;i;p;a;l; ;A;i;r;p;o;r;t
G;r;o;s;s;e; ;I;l;e; ;M;u;n;i;c;i;p;a;l; ;A;i;r;p;o;r;t
N;i;o;r;o; ;A;i;r;p;o;r;t
K;a;t;t;l;e;b;e;r;g; ;A;i;r;p;o;r;t
D;u;b;a;i;-;P;a;l;m; ;D;r;o;p; ;Z;o;n;e; ;A;i;r;s;t;r;i;p
D;u;b;a;i;-;S;k;y;d;i;v;e; ;D;u;b;a;i; ;C;a;m;p;u;s; ;A;i;r;p;o;r;t
A;z;o;v; ;A;i;r;f;i;e;l;d
G;o;a;-;I;N;S; ;H;a;n;s;a
K;o;d;i;n;s;k
L;o;u;i;s;b;u;r;g;-;N;o;r;t;h; ;R;a;l;e;i;g;h; ;A;i;r;p;o;r;t
D;u;b;n;i;c;a; ;A;i;r;p;o;r;t
R;u;d;y;e;r;d; ;B;a;y
N;o;v;o;p;o;k;r;o;v;s;k;o;y;e; ;A;i;r;s;t;r;i;p
H;o;m;e;r;-;B;e;l;u;g;a; ;L;a;k;e; ;S;e;a;p;l;a;n;e; ;B;a;s;e
T;e;k;i;n; ;A;i;r;p;o;r;t
A;k;o;b;o; ;A;i;r;p;o;r;t
S;t;e;r;l;i;t;a;m;a;r;k; ;A;i;r;f;i;e;l;d
T;a;y;o;l;t;i;t;a; ;A;i;r;s;t;r;i;p
B;l;o;o;d;v;e;i;n; ;A;i;r;p;o;r;t
J;e;f;f;e;r;s;o;n;v;i;l;l;e;-;C;l;a;r;k; ;R;e;g;i;o;n;a;l; ;A;i;r;p;o;r;t
L;o;d;i; ;A;i;r;p;o;r;t
J;i;n;s;h;a;n; ;C;i;t;y; ;B;e;a;c;h; ;S;e;a;p;l;a;n;e; ;B;a;s;e
K;a;n;s;k; ;A;i;r; ;B;a;s;e
I;n;n;a;m;i;n;c;k;a; ;A;i;r;p;o;r;t
D;w;y;e;r; ;A;i;r;p;o;r;t
E;v;s;i;n;o; ;A;i;r;f;i;e;l;d
P;u;e;r;t;o; ;G;a;i;t;á;n; ;A;i;r;p;o;r;t
C;a;m;r;o;s;e; ;A;i;r;p;o;r;t
B;a;l;d;w;i;n; ;A;i;r;p;o;r;t
F;e;n;t;r;e;s;s; ;A;i;r;p;a;r;k
P;e;r;r;y;v;i;l;l;e; ;M;u;n;i;c;i;p;a;l; ;A;i;r;p;o;r;t
P;o;r;t; ;A;r;a;n;s;a;s;-;M;u;s;t;a;n;g; ;B;e;a;c;h; ;A;i;r;p;o;r;t
S;a;i;n;t;-;F;r;é;d;é;r;i;c; ;A;i;r;p;o;r;t
D;u;n;n;e;l;l;o;n;/;M;a;r;i;o;n; ;C;o;u;n;t;y; ;A;i;r;p;o;r;t
M;a;n;n;i;n;g; ;A;i;r;p;o;r;t
M;u;l;i;n;o; ;S;t;a;t;e; ;A;i;r;p;o;r;t
C;o;n;t;a;m;a;n;a; ;A;i;r;p;o;r;t
F;i;v;e; ;P;o;i;n;t;-;A;g;r;o;-;W;e;s;t; ;A;i;r;p;o;r;t
N;e;w; ;Y;o;r;k;-;M;a;r;i;n;e; ;A;i;r; ;T;e;r;m;i;n;a;l
E;k;e;r;e;k;u; ;A;i;r;p;o;r;t
P;e;a;c;h; ;S;p;r;i;n;g;s; ;A;i;r;p;o;r;t
X;u;d;d;u;r; ;A;i;r;p;o;r;t
W;a;u;k;e;s;h;a; ;A;i;r;p;o;r;t
D;o;l;o;w; ;A;i;r;p;o;r;t
T;e;l;e;g;i;n; ;F;a;r;m; ;A;i;r;s;t;r;i;p
I;l;l;e;r;t;i;s;s;e;n; ;A;i;r;f;i;e;l;d
D;e;r;i;m; ;A;i;r;p;o;r;t
P;l;a;c;e;n;c;i;a; ;A;i;r;p;o;r;t
S;e;r;p;e;n;t;i;n;e; ;A;i;r;p;o;r;t
T;h;e;b;e;p;h;a;t;s;h;w;a; ;A;i;r; ;B;a;s;e
R;a;n;g;a;l;i; ;I;s;l;a;n;d
N;i;l;i; ;A;i;r;p;o;r;t
C;h;e;r;n;o;y;e; ;A;i;r;p;o;r;t
D;h;o;o;r;e;s; ;W;a;t;e;r; ;A;e;r;o;d;r;o;m;e
N;i;y;a;m;a; ;R;e;s;o;r;t;,; ;D;h;a;a;l;u; ;a;t;o;l;l
C;h;u;m;i;k;a;n; ;A;i;r;p;o;r;t
P;a;d;e;k; ;A;i;r;s;t;r;i;p
N;i;z;h;n;e;u;d;i;n;s;k
L;o;c;a;r;n;o; ;A;i;r; ;B;a;s;e
K;u;w;e;i;r;e;s; ;A;i;r; ;B;a;s;e
H;o;b;a;r;t; ;C;a;m;b;r;i;d;g;e; ;A;i;r;p;o;r;t
K;a;m;a;k;o; ;A;i;r;s;t;r;i;p
P;i;e;r;i; ;A;i;r;s;t;r;i;p
C;l;o;n;b;u;l;l;o;g;u;e; ;A;e;r;o;d;r;o;m;e
K;a;m;o;n;i;a; ;A;i;r;s;t;r;i;p
E;l;i;z;a;b;e;t;h; ;C;i;t;y; ;C;o;a;s;t; ;G;u;a;r;d; ;A;i;r; ;S;t;a;t;i;o;n
W;e;d;d;e;l;l; ;I;s;l;a;n;d; ;A;i;r;s;t;r;i;p
O;b;o;-;A;I;M; ;A;i;r;f;i;e;l;d
B;i;l;o;g;a;i;/;S;u;g;a;p;a; ;A;i;r;p;o;r;t
S;h;a;r;a;r;a; ;A;i;r;s;t;r;i;p
Z;h;e;t;y;g;e;n; ;A;i;r; ;B;a;s;e
I;r;o;n;w;o;o;d;-;G;o;g;e;b;i;c; ;C;o;u;n;t;y; ;A;i;r;p;o;r;t
K;u;a;j;o;k; ;A;i;r;s;t;r;i;p
S;t;e;a;m;b;o;a;t; ;B;a;y; ;S;e;a;p;l;a;n;e; ;B;a;s;e
G;a;r;d;i;n;e;r; ;A;i;r;p;o;r;t
K;o;m;o; ;A;i;r;p;o;r;t
C;e;d;a;r;t;o;w;n;-;P;o;l;k; ;C;o;u;n;t;y; ;A;i;r;p;o;r;t
V;a;n;c;o;u;v;e;r; ;I;n;t;e;r;n;a;t;i;o;n;a;l; ;W;a;t;e;r; ;A;i;r;p;o;r;t
N;e;w;t;o;k; ;A;i;r;p;o;r;t
W;a;l;g;a;k; ;A;i;r;s;t;r;i;p
O;r;o;v;i;l;l;e; ;A;i;r;p;o;r;t
P;e;p;p;e;r;e;l;l; ;A;i;r;p;o;r;t
I;n;d;i;a;n;a;p;o;l;i;s; ;R;e;g;i;o;n;a;l; ;A;i;r;p;o;r;t
P;l;a;n;t; ;C;i;t;y;-;B;l;a;c;k;w;a;t;e;r; ;C;r;e;e;k; ;U;l;t;r;a;l;i;g;h;t; ;F;l;i;g;h;t;p;a;r;k
K;i;d;r;o;n;-;S;t;o;l;t;z;f;u;s; ;A;i;r;f;i;e;l;d
F;a;k;h;r;a;b;a;d; ;A;i;r;f;i;e;l;d
S;a;i;n;t;-;E;s;p;r;i;t; ;A;e;r;o;d;r;o;m;e
L;g;o;v; ;A;i;r;s;t;r;i;p
B;i;s;s;e;t;t; ;W;a;t;e;r; ;A;e;r;o;d;r;o;m;e
G;r;a;n;s;e;e; ;A;i;r;f;i;e;l;d
R;a;c;k;l;a; ;A;i;r;s;t;r;i;p
G;a;s;m;a;t;a; ;I;s;l;a;n;d; ;A;i;r;p;o;r;t
G;u;a;s;i;p;a;t;i; ;A;i;r;p;o;r;t
K;a;n;c;h;a;n;a;b;u;r;i;-;S;u;r;a;s;i; ;A;i;r; ;B;a;s;e
J;u;n;d;i;a;í; ;A;i;r;p;o;r;t
T;e;l;e;f;o;m;i;n; ;A;i;r;s;t;r;i;p
K;o;m;p;i;a;m; ;A;i;r;p;o;r;t
F;o;r;t; ;L;a;n;g;l;e;y; ;A;i;r;p;o;r;t;,; ;B;C; ;(;C;B;Q;2;)
