M;i;l;a;n;o;-;T;a;l;i;e;d;o; ;A;i;r;p;o;r;t
F;e;l;i;x;s;t;o;w;e; ;R;N;A;S
L;o;n;d;o;n;-;C;r;o;y;d;o;n; ;A;i;r;p;o;r;t
B;r;u;s;s;e;l;-;H;a;r;e;n; ;A;i;r;p;o;r;t
K;ö;l;n;-;B;u;t;z;w;e;i;l;e;r;h;o;f; ;A;i;r;f;i;e;l;d
B;u;f;f;a;l;o; ;A;i;r;p;o;r;t
S;t;u;t;t;g;a;r;t;-;B;ö;b;l;i;n;g;e;n; ;A;i;r;p;o;r;t
D;e;a;r;b;o;r;n;-;F;o;r;d; ;A;i;r;p;o;r;t
B;r;o;o;k;l;a;n;d;s; ;A;i;r;p;o;r;t
H;a;v;a;n;a;-;C;i;u;d;a;d; ;L;i;b;e;r;t;a;d; ;A;i;r;p;o;r;t
L;o;s; ;A;n;g;e;l;e;s;-;G;r;a;n;d; ;C;e;n;t;r;a;l; ;T;e;r;m;i;n;a;l
R;o;t;t;e;r;d;a;m;-;W;a;a;l;h;a;v;e;n; ;A;i;r;p;o;r;t
A;l;h;a;m;b;r;a; ;A;i;r;f;i;e;l;d
O;v;a;l;l;e; ;A;i;r;p;o;r;t
A;l;b;u;q;u;e;r;q;u;e;-;W;e;s;t; ;M;e;s;a; ;A;i;r;p;o;r;t
F;l;a;t; ;A;i;r;p;o;r;t
B;o;g;o;t;á;-;T;e;c;h;o; ;A;i;r;p;o;r;t
M;o;s;k;v;a;-;K;h;o;d;y;n;k;a; ;(;F;r;u;n;z;e;); ;C;e;n;t;r;a;l; ;A;e;r;o;d;r;o;m;e
G;d;a;n;s;k;-;W;r;z;e;s;z;c;z; ;A;i;r;p;o;r;t
B;a;g;h;d;a;d; ;A;i;r;p;o;r;t
M;a;r;s;a;x;l;o;k;k; ;B;a;y
M;i;r;a;b;e;l;l;a; ;B;a;y;,; ;C;r;e;t;e
N;ü;r;n;b;e;r;g;-;M;a;r;i;e;n;b;e;r;g; ;A;i;r;p;o;r;t
A;l;g;i;e;r;s; ;H;a;r;b;o;u;r; ;S;e;a;p;l;a;n;e; ;B;a;s;e
C;r;i;s;t;ó;b;a;l; ;S;e;a;p;l;a;n;e; ;B;a;s;e
A;t;h;e;n;s; ;S;e;a;p;l;a;n;e; ;B;a;s;e
A;p;o;l;o; ;A;i;r;p;o;r;t
B;r;i;s;t;o;l;-;W;h;i;t;c;h;u;r;c;h; ;A;i;r;p;o;r;t
A;j;a;c;c;i;o; ;H;a;r;b;o;u;r; ;S;e;a;p;l;a;n;e; ;B;a;s;e
Q;u;i;t;o;-;C;o;t;o;c;o;l;l;a;o; ;A;i;r;p;o;r;t
P;a;r;a;n;a;g;u;á; ;M;u;n;i;c;i;p;a;l; ;A;i;r;p;o;r;t
K;a;m;a;r;a;t;a; ;A;i;r;p;o;r;t
B;e;r;m;u;d;a;-;D;a;r;r;e;l;l;';s; ;I;s;l;a;n;d; ;S;e;a;p;l;a;n;e; ;P;o;r;t
M;o;u;n;t; ;B;a;t;t;e;n; ;R;A;F; ;S;e;a;p;l;a;n;e; ;S;t;a;t;i;o;n
P;e;m;b;r;o;k;e; ;D;o;c;k; ;R;A;F; ;S;t;a;t;i;o;n
T;a;r;f;a;y;a; ;A;i;r;p;o;r;t
C;a;t;t;e;r;i;c;k; ;R;A;F; ;S;t;a;t;i;o;n
R;i;o; ;d;e; ;J;a;n;e;i;r;o;-;C;a;l;a;b;o;u;ç;o; ;S;e;a;p;l;a;n;e; ;B;a;s;e
T;r;o;n;d;h;e;i;m;-;H;o;m;m;e;l;v;i;k
C;a;p;e; ;T;o;w;n;-;W;i;n;g;f;i;e;l;d; ;A;e;r;o;d;r;o;m;e
T;a;r;a;p;a;c;a; ;A;i;r;p;o;r;t
L;e;n;i;n;g;r;a;d;-;S;m;o;l;n;o;y;e; ;A;i;r;p;o;r;t
H;a;b;b;a;n;i;y;a; ;R;A;F; ;S;t;a;t;i;o;n
J;a;c;k;s;o;n;v;i;l;l;e; ;M;u;n;i;c;i;p;a;l; ;A;i;r;p;o;r;t
L;a;n;g;e;n;d;i;e;b;a;c;h; ;A;i;r;f;i;e;l;d
A;n;d;r;e;a;p;o;l; ;A;i;r; ;B;a;s;e
I;n;v;e;r;g;o;r;d;o;n; ;R;A;F; ;S;t;a;t;i;o;n
D;e;r;n;a;-;M;a;r;t;u;b;a; ;A;i;r;p;o;r;t
D;i;n;j;a;n; ;A;i;r;p;o;r;t
P;e;a;r;l; ;H;a;r;b;o;r; ;N;A;S
T;o;w;n;s;v;i;l;l;e; ;S;P;B
M;o;n;t;r;é;a;l;/;B;o;u;c;h;e;r;v;i;l;l;e; ;W;a;t;e;r; ;A;e;r;o;d;r;o;m;e
S;c;i;a;c;c;a
D;a;l;y; ;W;a;t;e;r;s; ;A;i;r;p;o;r;t
B;a;t;c;h;e;l;o;r; ;A;i;r; ;B;a;s;e
T;r;a;p;a;n;i;-;M;i;l;o; ;A;i;r; ;B;a;s;e
C;a;s;t;e;l;v;e;t;r;a;n;o; ;A;i;r;f;i;e;l;d
C;a;s;t;l;e; ;A;r;c;h;d;a;l;e; ;R;A;F; ;S;t;a;t;i;o;n;,; ;N;o;r;t;h;e;r;n; ;I;r;e;l;a;n;d
C;h;a;b;u;a; ;A;i;r;f;i;e;l;d
B;e;o;g;r;a;d;-;Z;e;m;u;n; ;A;i;r;f;e;l;d
K;i;l;l;a;d;e;a;s; ;R;A;F; ;S;t;a;t;i;o;n
K;a;n;e;o;h;e; ;N;A;S;,; ;O;a;h;u
T;a;n;j;u;n;g; ;P;r;i;o;k; ;N;A;S
P;a;l;m;y;r;a; ;I;s;l;a;n;d; ;A;t;o;l;l;-;C;o;o;p;e;r; ;A;i;r;p;o;r;t
W;i;e;n;-;A;s;p;e;r;n; ;A;i;r;p;o;r;t
A;t;c;h;a;m;-;U;S;A;A;F; ;S;t;a;t;i;o;n; ;3;4;2
P;o;r;t; ;M;o;r;e;s;b;y;-;W;a;r;d;s; ;A;i;r;f;i;e;l;d
P;o;n;g;a;n;i; ;A;i;r;f;i;e;l;d
S;i;w;a; ;A;i;r;p;o;r;t
D;a;r;w;i;n;-;D;o;c;t;o;r;';s; ;G;u;l;l;y; ;S;e;a;p;l;a;n;e; ;B;a;s;e
P;o;o;l;e; ;S;e;a;p;l;a;n;e; ;B;a;s;e
M;a;n;o;n;o; ;A;i;r;p;o;r;t
C;a;k;o;v;i;c;e
C;o;l;u;m;b;u;s;-;M;u;s;c;o;g;e;e; ;A;i;r;p;o;r;t
T;o;r;i;n;o;-;M;i;r;a;f;i;o;r;i; ;A;i;r;p;o;r;t
S;a;n; ;J;o;s;é;-;L;a; ;S;a;b;a;n;a; ;A;i;r;p;o;r;t
F;r;a;n;k;f;u;r;t;-;R;h;e;i;n;-;M;a;i;n; ;A;F;B
S;a;n;t;i;a;g;o;-;L;o;s; ;C;e;r;r;i;l;l;o;s; ;A;i;r;p;o;r;t
B;a;h;r;a;i;n; ;M;a;r;i;n;e; ;A;i;r; ;B;a;s;e
W;h;i;t;c;h;u;r;c;h; ;A;i;r;p;o;r;t
W;a;t;e;r;b;e;a;c;h; ;R;A;F; ;S;t;a;t;i;o;n
O;a;k;i;n;g;t;o;n; ;R;A;F; ;S;t;a;t;i;o;n
B;u;c;a;r;a;m;a;n;g;a;-;G;o;m;e;z; ;N;i;ñ;o; ;A;i;r;p;o;r;t
N;e;u;b;i;b;e;r;g; ;A;i;r;p;o;r;t
A;u;r;o;r;a;-;L;o;w;r;y; ;A;F;B
P;e;i;p;i;n;g
U;e;t;e;r;s;e;n; ;R;A;F; ;S;t;a;t;i;o;n
B;r;i;s;b;a;n;e;-;E;a;g;l;e; ;F;a;r;m; ;A;i;r; ;B;a;s;e
M;a;l;m;ö;-;B;u;l;l;t;o;f;t;a; ;A;i;r;p;o;r;t
P;e;i;s;h;i;y;i; ;A;i;r;f;i;e;l;d
E;l;i;z;a;b;e;t;h; ;C;i;t;y; ;C;G;A;S
S;ã;o; ;L;o;u;r;e;n;ç;o; ;A;i;r;p;o;r;t
J;o;h;a;n;n;e;s;b;u;r;g;-;P;a;l;m;i;e;t;f;o;n;t;e;i;n; ;A;i;r;p;o;r;t
R;a;n;t;o;u;l;-;C;h;a;n;u;t;e; ;A;F;B
A;b;e;z
G;l;a;s;g;o;w;-;R;e;n;f;r;e;w; ;A;i;r;p;o;r;t
B;u;g;u;r;u;s;l;a;n;-;B;a;y;m;a;k;o;v;o; ;A;e;r;o;d;r;o;m;e
H;u;l;l;a;v;i;n;g;t;o;n; ;R;A;F; ;S;t;a;t;i;o;n
M;a;d;r;i;d; ;A;i;r; ;B;a;s;e
H;e;r;z;l;i;a; ;A;i;r;f;i;e;l;d
L;i;b;e;n;g;e; ;A;i;r;p;o;r;t
B;o;v;i;n;g;d;o;n; ;R;A;F; ;S;t;a;t;i;o;n
L;y;u;b;e;r;t;s;y; ;A;e;r;o;d;r;o;m;e
B;i;s;c;a;r;r;o;s;s;e;-;H;o;u;r;t;i;q;u;e;t;s; ;S;e;a;p;l;a;n;e; ;B;a;s;e
T;a;r;r;a;n;t; ;R;u;s;h;t;o;n; ;R;A;F; ;S;t;a;t;i;o;n
E;k;r;o;n;-;T;e;l; ;N;o;f; ;A;i;r; ;B;a;s;e
D;e;s;f;o;r;d; ;R;A;F; ;S;t;a;t;i;o;n
B;a;t;a;v;i;a;-;K;e;m;a;y;o;r;a;n; ;A;i;r;p;o;r;t
B;u;e;n;o;s; ;A;i;r;e;s; ;S;e;a;p;l;a;n;e; ;B;a;s;e
Z;a;t;e;c; ;A;i;r; ;B;a;s;e
F;u;z;h;o;u; ;Y;i;x;u; ;A;i;r; ;B;a;s;e
M;y;s; ;K;o;s;i;s;t;y;y
M;a;r;a;c;a;i;b;o;-;G;r;a;n;o; ;d;e; ;O;r;o; ;A;i;r;p;o;r;t
N;i;c;o;s;i;a; ;A;i;r;p;o;r;t
B;e;l;o; ;H;o;r;i;z;o;n;t;e;-;C;a;r;l;o;s; ;P;r;a;t;e;s; ;A;i;r;p;o;r;t
J;a;c;a;r;e;z;i;n;h;o; ;A;i;r;p;o;r;t
I;g;u;a;p;e
I;z;m;i;r; ;A;i;r;p;o;r;t
C;h;e;y;e;n;n;e;-;W;a;r;r;e;n; ;A;F;B
B;r;i;s;b;a;n;e;-;E;a;g;l;e; ;F;a;r;m; ;A;i;r;p;o;r;t
K;o;l;u;n;d;a
H;e;s;t;o;n; ;A;i;r;p;o;r;t
H;o;f;f;m;a;n;-;M;a;c;k;a;l;l; ;A;A;F
S;o;o;k;e;r;a;t;i;n;g; ;A;i;r; ;B;a;s;e
P;o;r;t; ;M;o;r;e;s;b;y; ;H;a;r;b;o;u;r; ;S;e;a;p;l;a;n;e; ;B;a;s;e
T;s;i;l;i; ;T;s;i;l;i; ;A;i;r;f;i;e;l;d
S;u;i;f;u
K;e;y;s;t;o;n;e; ;A;r;m;y; ;A;i;r;f;i;e;l;d
E;l; ;D;j;e;m; ;A;i;r;f;i;e;l;d
S;a;n; ;R;a;f;a;e;l;-;H;a;m;i;l;t;o;n; ;F;i;e;l;d
G;r;e;n;a;d;a; ;A;A;F
G;r;o;v;e; ;U;S;A;A;F; ;S;t;a;t;i;o;n; ;A;A;F;-;5;1;9
B;e;l;l;a; ;B;e;l;l;a;/;S;h;e;a;r;w;a;t;e;r; ;W;a;t;e;r; ;A;e;r;o;d;r;o;m;e
R;e;n;o; ;A;A;B
D;j;e;r;b;a; ;S;e;a;p;l;a;n;e; ;B;a;s;e
H;a;m;w;o;r;t;h;y; ;R;A;F; ;S;t;a;t;i;o;n
L;o;u;i;s;v;i;l;l;e;-;G;o;d;m;a;n; ;A;F;B
K;a;i;r;o;u;a;n; ;A;i;r;p;o;r;t
Y;a;n;g;k;a;i; ;A;i;r;f;i;e;l;d
L;e;r;o;n; ;P;l;a;i;n;s; ;A;i;r;p;o;r;t
K;h;v;o;i;n;a;y;a; ;A;i;r;p;o;r;t
C;h;a;b;u;a; ;A;i;r; ;F;o;r;c;e; ;S;t;a;t;i;o;n
W;a;s;h;i;n;g;t;o;n;-;B;o;l;l;i;n;g; ;A;F;B
U;e;l;k;a;l; ;A;i;r;p;o;r;t
M;i;s;a;m;a;r;i; ;A;i;r; ;B;a;s;e
Y;u;n;n;a;n;y;i; ;A;i;r;p;o;r;t
A;s;s;a;m
S;t; ;E;v;a;l; ;R;A;F; ;S;t;a;t;i;o;n
W;e;l;f;o;r;d; ;R;A;F; ;S;t;a;t;i;o;n
B;o;w;e;n; ;S;e;a;p;l;a;n;e; ;B;a;s;e
B;o;w;m;o;r;e; ;S;e;a;p;l;a;n;e; ;B;a;s;e
F;o;y;n;e;s
L;u;g;a;n;v;i;l;l;e; ;S;e;a;p;l;a;n;e; ;B;a;s;e
D;o;w;n; ;A;m;p;n;e;y; ;R;A;F; ;S;t;a;t;i;o;n
G;r;a;n;d;v;i;e;w; ;M;u;n;i;c;i;p;a;l; ;A;i;r;p;o;r;t
B;a;r;r;a;c;k;p;o;r;e; ;A;i;r; ;B;a;s;e
Y;a;z;a;g;y;o; ;A;i;r;f;i;e;l;d
C;h;i;l;b;o;l;t;o;n;-;U;S;A;A;F; ;S;t;a;t;i;o;n; ;A;A;F;-;4;0;4
N;e;w;b;u;r;y;-;G;r;e;e;n;h;a;m; ;C;o;m;m;o;n; ;R;A;F; ;S;t;a;t;i;o;n
T;i;n;g;k;a;w;k; ;S;a;k;a;n; ;A;i;r;f;i;e;l;d
S;a;l;t;b;y; ;R;A;F; ;S;t;a;t;i;o;n
C;a;m;b;r;a;i;-;N;i;e;r;g;n;i;e;s; ;A;d;v;a;n;c;e;d; ;L;a;n;d;i;n;g; ;G;r;o;u;n;d; ;A;-;7;4
B;r;u;s;s;e;l;/;E;v;e;r;e; ;A;d;v;a;n;c;e;d; ;L;a;n;d;i;n;g; ;G;r;o;u;n;d; ;B;-;5;6
B;l;a;k;e;h;i;l;l; ;F;a;r;m; ;R;A;F; ;S;t;a;t;i;o;n
M;e;r;r;y;f;i;e;l;d; ;R;A;F; ;S;t;a;t;i;o;n
R;a;m;s;b;u;r;y;-;U;S;A;A;F; ;S;t;a;t;i;o;n; ;A;A;F;-;4;6;9
L;a;o;n;-;C;o;u;v;r;o;n; ;A;i;r; ;B;a;s;e; ;(;A;d;v;a;n;c;e;d; ;L;a;n;d;i;n;g; ;G;r;o;u;n;d; ;A;-;7;0;)
N;a;d;z;a;b; ;N;o;.; ;4; ;A;i;r;f;i;e;l;d; ;(;N;e;w;t;o;n; ;F;i;e;l;d;)
C;a;s;p;e;r;-;W;a;r;d;w;e;l;l; ;F;i;e;l;d
L;a;n;g;a;r;-;U;S;A;A;F; ;S;t;a;t;i;o;n; ;A;A;F;-;4;9;0
B;a;t;h;u;r;s;t;-;J;e;s;w;a;n;g; ;A;i;r;p;o;r;t
M;a;l;d;e;n; ;A;A;F
C;h;a;n;y;i; ;A;i;r;p;o;r;t
M;o;r;a;n; ;A;i;r; ;B;a;s;e
W;i;c;k; ;R;A;F; ;S;t;a;t;i;o;n
C;h;e;n;g;k;u;n;g; ;A;i;r;f;i;e;l;d
B;o;l;l;e;v;i;l;l;e;-;A;d;v;a;n;c;e;d; ;L;a;n;d;i;n;g; ;G;r;o;u;n;d; ;A;-;2;5;C
M;e;m;b;u;r;y; ;U;S;A;A;F; ;S;t;a;t;i;o;n; ;4;6;6
B;r;o;a;d;w;e;l;l; ;R;A;F; ;S;t;a;t;i;o;n
C;h;i;l;b;o;l;t;o;n; ;R;A;F; ;S;t;a;t;i;o;n
S;a;l;t;b;y;-;U;S;A;A;F; ;S;t;a;t;i;o;n; ;A;A;F;-;5;3;8
F;i;n;s;c;h;h;a;f;e;n; ;A;i;r;p;o;r;t
L;e;d;o; ;A;i;r;f;i;e;l;d
A;m;b;l;i;e; ;A;d;v;a;n;c;e;d; ;L;a;n;d;i;n;g; ;G;r;o;u;n;d; ;B;-;1;4
F;u;l;b;e;c;k; ;R;A;F; ;S;t;a;t;i;o;n
H;e;n;d;o;n; ;A;i;r;p;o;r;t
F;o;l;k;i;n;g;h;a;m;-;U;S;A;A;F; ;S;t;a;t;i;o;n; ;A;A;F;-;4;8;4
A;n;g;a;u;r; ;A;i;r;s;t;r;i;p
V;æ;r;l;ø;s;e; ;A;i;r; ;B;a;s;e
S;h;i;n;b;w;e;y;a;n;g
T;a;m;u; ;A;i;r;s;t;r;i;p
K;a;i;n;a;n;t;u; ;A;i;r;s;t;r;i;p
U;p;o;t;t;e;r;y; ;R;A;F; ;S;t;a;t;i;o;n
C;o;l;l;e;v;i;l;l;e;-;s;u;r;-;M;e;r; ;A;d;v;a;n;c;e;d; ;L;a;n;d;i;n;g; ;G;r;o;u;n;d; ;A;-;1;2
A;m;c;h;i;t;k;a; ;A;i;r;p;o;r;t
N;u;m;f;o;r; ;A;i;r;p;o;r;t
N;o;r;t;h; ;W;i;t;h;a;m; ;U;S;A;A;F; ;S;t;a;t;i;o;n; ;A;A;F;-;4;7;9
M;e;l;s;b;r;o;e;k; ;A;d;v;a;n;c;e;d; ;L;a;n;d;i;n;g; ;G;r;o;u;n;d; ;B;-;5;8
G;r;o;o;t;e; ;I;s;l;a;n;d; ;S;P;B
F;o;l;k;i;n;g;h;a;m; ;R;A;F; ;S;t;a;t;i;o;n
U;p;o;t;t;e;r;y; ;U;S;A;A;F; ;S;t;a;t;i;o;n; ;A;A;F;-;4;6;2
S;a;i;n;t; ;M;a;r;c;e;a;u; ;A;d;v;a;n;c;e;d; ;L;a;n;d;i;n;g; ;G;r;o;u;n;d; ;A;-;4;3
S;a;i;d;o;r; ;A;i;r;p;o;r;t
A;l;d;e;r;m;a;s;t;o;n;-;U;S;A;A;F; ;S;t;a;t;i;o;n; ;4;6;7
B;e;l;l;o;n;a; ;A;i;r;p;o;r;t
L;u;m;b;e;r;t;o;n; ;A;A;F
L;u;l;i;a;n;g; ;A;i;r;s;t;r;i;p
H;o;n;o;l;u;l;u;-;H;i;c;k;a;m; ;A;F;B
K;w;a;n;g;h;a;n; ;A;i;r;f;i;e;l;d; ;(;A;-;3;)
K;o;d;i;a;k; ;N;A;S
R;a;m;s;b;u;r;y; ;R;A;F; ;S;t;a;t;i;o;n
C;h;i;c;k;a;s;h;a; ;M;u;n;i;c;i;p;a;l; ;A;i;r;p;o;r;t
L;a;w;r;e;n;c;e;v;i;l;l;e;-;G;e;o;r;g;e; ;A;A;F
M;e;r;r;y;f;i;e;l;d; ;U;S;A;A;F; ;S;t;a;t;i;o;n; ;A;A;F;-;4;6;4
C;h;i;t;t;a;g;o;n;g; ;A;i;r;p;o;r;t
V;e;r;n;o;u;i;l;l;e;t;-;A;d;v;a;n;c;e;d; ;L;a;n;d;i;n;g; ;G;r;o;u;n;d; ;A;-;4;1
Q;u;e;r;q;u;e;v;i;l;l;e; ;A;d;v;a;n;c;e;d; ;L;a;n;d;i;n;g; ;G;r;o;u;n;d; ;A;-;2;3
U;d;i;n;e; ;A;i;r;f;i;e;l;d
H;o;l;m;s;l;e;y; ;S;o;u;t;h; ;R;A;F; ;S;t;a;t;i;o;n
D;e;s;b;o;r;o;u;g;h; ;R;A;F; ;S;t;a;t;i;o;n
L;a;e; ;A;e;r;o;d;r;o;m;e
S;h;a;n;g;h;a;i;-;J;i;a;n;g;w;a;n; ;A;i;r;p;o;r;t
F;ü;r;t;h; ;A;d;v;a;n;c;e;d; ;L;a;n;d;i;n;g; ;G;r;o;u;n;d; ;R;-;2;8
A;y;u;y; ;A;i;r;s;t;r;i;p
P;e;l;e;l;i;u; ;A;i;r;f;i;e;l;d
S;t;o;n;e;y; ;C;r;o;s;s; ;R;A;F; ;S;t;a;t;i;o;n
E;s;t;e;v;a;n; ;A;i;r; ;B;a;s;e
J;a;k;a;r;t;a;-;K;e;m;a;y;o;r;a;n; ;A;i;r;p;o;r;t
W;o;o;d;b;r;i;d;g;e; ;R;A;F; ;S;t;a;t;i;o;n
B;e;o;g;r;a;d;-;D;o;j;n;o; ;P;o;l;j;e; ;A;i;r;p;o;r;t
P;a;n;a;m;a; ;C;i;t;y;-;A;l;b;r;o;o;k; ;A;F;B
O;k;i;n;a;w;a;-;N;a;h;a; ;A;F;B
B;a;s;s;i;n;g;b;o;u;r;n; ;R;A;F; ;S;t;a;t;i;o;n
C;o;c;o;s; ;I;s;l;a;n;d;s; ;A;i;r;p;o;r;t; ;(;C;C;K;/;Y;P;C;C;);,; ;C;o;c;o;s; ;(;K;e;e;l;i;n;g;); ;I;s;l;a;n;d;s
S;h;a;n;g;h;a;i;/;L;o;n;g;h;u;a
W;i;s;l;e;y; ;A;i;r;f;i;e;l;d
L;u;c;e;n;a;,; ;Q;u;e;z;o;n
S;t;r;a;d;i;s;h;a;l;l; ;R;A;F; ;S;t;a;t;i;o;n
D;a;r;v;a;z;a; ;A;i;r;p;o;r;t
S;e;a;t;t;l;e; ;N;A;S
A;l;w;a;r
F;u;j;i;s;a;w;a; ;A;i;r; ;B;a;s;e
C;e;b;u;-;L;a;h;u;g; ;A;i;r;p;o;r;t
M;u;s;e; ;A;i;r;f;i;e;l;d
S;p;a;n;h;o;e;-;U;S;A;A;F; ;S;t;a;t;i;o;n; ;A;A;F;-;4;9;3
G;o;t;h;a; ;N;o;r;d; ;A;d;v;a;n;c;e;d; ;L;a;n;d;i;n;g; ;G;r;o;u;n;d; ;R;-;4
H;a;y;f;i;e;l;d;s; ;A;i;r;p;o;r;t
A;i;t;a;p;e;-;T;a;d;j;i; ;A;i;r;p;o;r;t
S;a;r;a;t;o;v;-;Z;a;v;o;d;s;k;o;y; ;A;i;r;f;i;e;l;d
L;i;a;n;g;p;i;n;g; ;A;i;r;p;o;r;t
H;s;i;n;c;h;i;n;g; ;A;i;r;f;i;e;l;d; ;(;A;-;1;)
A;t;t;u; ;I;s;l;a;n;d;-;C;a;s;c;o; ;C;o;v;e; ;A;i;r;p;o;r;t
S;h;a;f;t;e;r;-;M;i;n;t;e;r; ;F;i;e;l;d
B;r;é;t;i;g;n;y;-;s;u;r;-;O;r;g;e; ;A;d;v;a;n;c;e;d; ;L;a;n;d;i;n;g; ;G;r;o;u;n;d; ;A;-;4;8
T;o;u;n;g;o;o
S;a;n; ;P;e;d;r;o;-;C;a;t;a;l;i;n;a; ;S;P;B
S;i;c;h;a;n;g
D;e;n;v;e;r;-;L;o;w;r;y; ;F;i;e;l;d
I;n;s;t;e;r;b;u;r;g; ;A;i;r;p;o;r;t
W;e;t;h;e;r;s;f;i;e;l;d; ;U;S;A;A;F; ;S;t;a;t;i;o;n; ;1;7;0
D;o;b;o;d;u;r;a; ;A;i;r;f;i;e;l;d
H;e;l;m;s;t;e;d;t; ;A;d;v;a;n;c;e;d; ;L;a;n;d;i;n;g; ;G;r;o;u;n;d; ;R;-;3;9
G;u;a;m;-;A;g;a;n;a; ;N;A;S
T;e;n;g;c;h;u;n;g
P;u;e;b;l;a; ;A;i;r;p;o;r;t
S;h;a;i;b;a;h; ;R;A;F; ;S;t;a;t;i;o;n
C;h;i;n;k;i;a;n;g; ;A;i;r; ;B;a;s;e
S;a;n;s;a;p;o;r; ;A;i;r;f;i;e;l;d
D;e;r;g;a;o;n; ;A;i;r;p;o;r;t
H;a;n;k;o;u
S;a;i;n;t;-;A;n;d;r;é;-;d;e;-;l;';E;u;r;e; ;A;i;r;p;o;r;t
M;y;i;t;k;y;i;n;a; ;N;o;r;t;h; ;A;i;r;f;i;e;l;d
R;a;d;l;e;t;t; ;A;i;r;f;i;e;l;d
Z;ü;r;i;c;h;-;D;ü;b;e;n;d;o;r;f; ;A;i;r;p;o;r;t
H;a;t;h;a;z;a;r;i; ;A;i;r;f;i;e;l;d
K;r;a;k;ó;w;-;R;a;k;o;w;i;c;e;-;C;z;y;z;y;n;y; ;A;i;r;p;o;r;t
F;o;r;t; ;d;e; ;F;r;a;n;c;e; ;H;y;d;r;o;b;a;s;e
C;h;i;p;p;i;n;g; ;O;n;g;a;r;-;U;S;A;A;F; ;S;t;a;t;i;o;n; ;A;A;F;-;1;6;2
N;i;v;e;l;l;e;s; ;A;d;v;a;n;c;e;d; ;L;a;n;d;i;n;g; ;G;r;o;u;n;d; ;B;-;7;5
E;i;s;f;e;l;d; ;A;d;v;a;n;c;e;d; ;L;a;n;d;i;n;g; ;G;r;o;u;n;d; ;R;-;8
B;i;a;k;-;S;o;r;i;d;o; ;A;i;r;f;i;e;l;d
O;k;i;n;a;w;a;-;Y;o;n;t;a;n; ;F;i;e;l;d
S;i;n;t;h;e
K;u;t;k;a;i
C;h;i;h;c;h;i;a;n;g; ;A;i;r; ;B;a;s;e
F;r;a;n;k;f;u;r;t;/;E;s;c;h;b;o;r;n; ;A;d;v;a;n;c;e;d; ;L;a;n;d;i;n;g; ;G;r;o;u;n;d; ;Y;-;7;4
G;r;o;z;n;y;y; ;A;i;r;p;o;r;t
T;a;n;a;u;a;n; ;A;i;r;f;i;e;l;d
R;i;s;s;t;i;s;s;e;n;-;A;d;v;a;n;c;e;d; ;L;a;n;d;i;n;g; ;G;r;o;u;n;d; ;R;-;6;5
L;i;a;n;g;c;h;e;n;g
L;a;k;e;l;a;n;d; ;M;u;n;i;c;i;p;a;l; ;A;i;r;p;o;r;t
M;o;u;r;m;e;l;o;n; ;A;i;r;p;o;r;t
E;l; ;A;d;e;m; ;R;A;F; ;S;t;a;t;i;o;n
L;a;l;m;o;n;i;r;h;a;t; ;A;i;r;p;o;r;t
L;a;k;e; ;C;h;a;r;l;e;s; ;A;A;F
B;o;r;e;h;a;m; ;U;S;A;A;F; ;S;t;a;t;i;o;n; ;A;A;F;-;1;6;1
K;i;e;n;o;w; ;A;i;r;f;i;e;l;d
D;h;a;k;a;-;K;u;r;m;i;t;o;l;a; ;A;i;r; ;B;a;s;e
L;ü;b;e;c;k;-;T;r;a;v;e;m;ü;n;d;e; ;A;i;r;f;i;e;l;d
P;r;o;s;n;e;s; ;A;d;v;a;n;c;e;d; ;L;a;n;d;i;n;g; ;G;r;o;u;n;d; ;A;-;7;9
W;a;r;a;z;u;p; ;A;i;r;s;t;r;i;p
S;a;n; ;A;n;t;o;n;i;o;-;B;r;o;o;k;s; ;F;i;e;l;d
R;o;s;i;g;n;a;n;o; ;A;i;r;f;i;e;l;d
D;i;g;r;i; ;R;A;F; ;S;t;a;t;i;o;n
B;a;r;b;e;r;s; ;P;o;i;n;t; ;N;A;S
Y;o;n;p;o; ;A;i;r;f;i;e;l;d
L;a;e; ;A;i;r;f;i;e;l;d
S;o;u;t;h;a;m;p;t;o;n; ;w;a;t;e;r
S;i;n;g;a;p;o;r;e;-;C;h;a;n;g;i; ;R;A;F; ;S;t;a;t;i;o;n
H;a;g;a;r;u;-;r;i; ;A;i;r;s;t;r;i;p
Z;a;g;r;e;b;/;L;u;c;k;o; ;A;i;r;p;o;r;t
H;o;b;s;o;n;v;i;l;l;e; ;A;i;r; ;B;a;s;e
G;r;e;a;t; ;F;a;l;l;s;-;M;a;l;m;s;t;r;o;m; ;A;F;B
B;r;a;d;y; ;A;F;B
T;a;c;h;i;k;a;w;a; ;A;i;r; ;B;a;s;e
B;a;l;u;r;g;h;a;t; ;A;i;r;p;o;r;t
K;a;b;r;i;t; ;R;A;F; ;S;t;a;t;i;o;n
L;l;a;n;d;o;w; ;R;A;F; ;S;t;a;t;i;o;n
Q;u;i;n;c;e;m;i;l; ;A;i;r;p;o;r;t
S;ã;o; ;B;o;r;j;a; ;A;i;r;p;o;r;t
T;e;n;t;e;r;f;i;e;l;d; ;A;i;r;p;o;r;t
S;a;n; ;A;n;g;e;l;o;-;G;o;o;d;f;e;l;l;o;w; ;A;F;B
F;a;y;i;d; ;R;A;F; ;S;t;a;t;i;o;n
P;u;s;a;n; ;E;a;s;t; ;(;K;-;9;); ;A;i;r; ;B;a;s;e
Z;n;a;m;e;n;s;k;o;y;e; ;A;i;r;f;i;e;l;d
P;r;i;n;c;i;p;e; ;D;a; ;B;e;i;r;a;-;P;r;i;n;c;i;p;e; ;D;a; ;B;e;i;r;a; ;A;i;r;p;o;r;t
M;a;t;a;g;o;r;d;a; ;I;s;l;a;n;d; ;A;F;B
C;a;l;s;h;o;t; ;R;A;F; ;S;t;a;t;i;o;n
N;a;k;n;e;k; ;A;i;r;p;o;r;t
S;t;r;u;b;b;y; ;R;A;F; ;S;t;a;t;i;o;n
D;u;r;b;a;n;-;S;t;a;m;f;o;r;d; ;H;i;l;l; ;A;i;r;p;o;r;t
B;e;l;f;a;s;t;-;N;u;t;t;s; ;C;o;r;n;e;r; ;A;i;r;p;o;r;t
N;o;v;a;t;o;-;H;a;m;i;l;t;o;n; ;A;F;B
B;o;h; ;F;a;i; ;A;i;r;p;o;r;t
W;i;g;s;l;e;y; ;R;A;F; ;S;t;a;t;i;o;n
K;h;a;r;t;o;u;m;-;W;a;d;i; ;S;e;i;d;n;a; ;A;i;r; ;B;a;s;e
A;p;a;r;r;i
K;h;a;n;d;y;g;a
R;e;n;o;-;S;t;e;a;d; ;A;F;B
L;o;n;g; ;I;s;l;a;n;d;-;M;i;t;c;h;e;l; ;A;i;r; ;F;o;r;c;e; ;B;a;s;e
J;a;r;l;s;b;e;r;g; ;A;i;r;p;o;r;t
R;i;g;a;-;S;p;i;l;v;e; ;A;i;r;p;o;r;t
S;t;o;c;k;h;o;l;m;/;H;ä;g;e;r;n;ä;s; ;F;-;2; ;A;i;r; ;B;a;s;e
S;w;i;n;d;e;r;b;y; ;R;A;F; ;S;t;a;t;i;o;n
P;i;t;h;i;v;i;e;r;s; ;A;i;r;p;o;r;t
B;e;r;m;u;d;a;-;K;i;n;d;l;e;y; ;F;i;e;l;d; ;N;A;S
R;o;m;a;-;C;e;n;t;o;c;e;l;l;e; ;A;i;r; ;B;a;s;e
M;a;g;d;a;g;a;c;h;i; ;A;i;r;p;o;r;t
E;d;m;o;n;t;o;n;-;N;a;m;a;o; ;F;i;e;l;d
M;a;l;l;a;l;a; ;R;A;A;F; ;B;a;s;e
S;a;n; ;L;u;i;s; ;d;e; ;P;a;l;e;n;q;u;e; ;A;i;r;p;o;r;t
N;u;e;v;a; ;C;i;u;d;a;d; ;G;u;e;r;r;e;r;o; ;A;i;r;s;t;r;i;p
L;i;c;h;f;i;e;l;d; ;R;A;F; ;S;t;a;t;i;o;n
M;y;a;u;n;g;m;y;a
T;u;c;u;m;á;n; ;A;i;r;p;o;r;t
C;o;l;u;m;b;u;s;-;A;t;t;e;r;b;u;r;y; ;A;F;B
S;a;n; ;A;n;d;r;e;s
N;a;m; ;B;a;c; ;A;i;r;f;i;e;l;d
S;y;e;r;s;t;o;n; ;R;A;F; ;S;t;a;t;i;o;n
M;u;k;e;i;r;a;s; ;A;i;r;p;o;r;t
B;a;l;t;i;m;o;r;e; ;A;i;r;p;o;r;t
S;a;u;g;a;o;n
O;s;t;r;a;v;a;-;H;r;a;b;u;v;k;a; ;A;i;r;p;o;r;t
T;h;o;r;n;e;y; ;I;s;l;a;n;d; ;R;A;F; ;S;t;a;t;i;o;n
S;i;n;g;a;p;o;r;e;-;K;a;l;l;a;n;g; ;A;i;r;p;o;r;t
R;a;w;a;l;p;i;n;d;i
K;a;n;s;a;s; ;C;i;t;y;-;F;a;i;r;f;a;x; ;F;i;e;l;d
S;a;n;g;l;e;y; ;P;o;i;n;t; ;N;a;v;a;l; ;S;t;a;t;i;o;n
C;o;l;o;r;a;d;o; ;C;r;e;e;k
M;o;s;e;s; ;L;a;k;e;-;L;a;r;s;o;n; ;A;F;B
B;e;r;l;i;n; ;A;i;r;p;o;r;t
N;o;r;t;h; ;L;u;f;f;e;n;h;a;m; ;R;A;F; ;S;t;a;t;i;o;n
H;e;m;p;s;t;e;a;d; ;P;l;a;i;n;s;-;M;i;t;c;h;e;l;l; ;F;i;e;l;d
J;o;h;n;s;v;i;l;l;e; ;N;A;S
J;u;n;e;a;u
C;r;a;v;o; ;N;o;r;t;e; ;A;i;r;p;o;r;t
S;a;n;a;u; ;A;i;r;p;o;r;t
J;a;c;k;s;o;n;v;i;l;l;e;-;T;h;o;m;a;s; ;C;o;l;e; ;I;m;e;s;o;n; ;M;u;n;i;c;i;p;a;l; ;A;i;r;p;o;r;t
K;i;t;i;m;a;t; ;A;i;r;p;o;r;t
H;u;c;k;n;a;l;l; ;A;i;r;p;o;r;t
T;a;l;p;a; ;d;e; ;A;l;l;e;n;d;e; ;A;i;r;p;o;r;t
B;a;n;g;o;r;-;D;o;w; ;A;F;B
G;h;i;s;o;n;a;c;c;i;a;-;A;l;z;i;t;o;n;e; ;A;i;r;p;o;r;t
N;y;n;g;a;n; ;A;i;r;p;o;r;t
K;h;o;w;a;i; ;A;i;r;p;o;r;t
M;a;r;v;i;l;l;e; ;R;C;A;F; ;S;t;a;t;i;o;n
A;l; ;M;a;h;f;i;d; ;A;i;r;p;o;r;t
O;r;e;w;a;y
Z;a;l;a;e;g;e;r;s;z;e;g;-;A;n;d;r;á;s;h;i;d;a; ;A;i;r;p;o;r;t
H;o;b;a;r;t; ;C;a;m;b;r;i;d;g;e; ;A;i;r;p;o;r;t
P;r;e;š;o;v; ;A;i;r;p;o;r;t
P;a;r;i;n;t;i;n;s
B;e;a;v;e;r;l;o;d;g;e; ;L;a;k;e
B;a;r;t;l;e;s;v;i;l;l;e; ;A;i;r;p;o;r;t
L;a; ;T;i;n;t;a
S;z;o;m;b;a;t;h;e;l;y; ;A;i;r;p;o;r;t
P;e;l;l;y; ;B;a;y;-;D;e;w;l;i;n;e; ;S;i;t;e; ;A;i;r;p;o;r;t
M;i;l;e; ;3;8
S;i;m;p;s;o;n; ;L;a;k;e; ;A;i;r;s;t;r;i;p
L;a;c; ;J;e;a;n;n;i;n;e
B;a;l;l;y;k;e;l;l;y; ;R;A;F; ;S;t;a;t;i;o;n
M;a;d;r;i;d;-;C;u;a;t;r;o; ;V;i;e;n;t;o;s; ;A;i;r; ;B;a;s;e
B;r;u;z;u;a;l; ;A;i;r;p;o;r;t
B;e;l;i;z;e; ;C;i;t;y; ;M;u;n;i;c;i;p;a;l; ;A;i;r;p;o;r;t
A;r;g;e;n;t;i;a; ;N;A;S
R;o;s;w;e;l;l;-;W;a;l;k;e;r; ;A;F;B
C;a;t;a;c;a;m;a;s; ;A;i;r;p;o;r;t
R;o;s;a;r;i;o; ;S;e;a;p;l;a;n;e; ;B;a;s;e
T;a;r;a;i;f
C;o;l;e;r;n;e; ;R;A;F; ;S;t;a;t;i;o;n
N;o;r;t;h; ;P;o;l;e; ;d;r;i;f;t;i;n;g; ;i;c;e; ;s;t;a;t;i;o;n; ;S;P;-;7
M;i;r;n;y; ;I;c;e; ;S;t;a;t;i;o;n
M;a;n;s;t;o;n; ;R;A;F; ;S;t;a;t;i;o;n
A;l;c;o;n;b;u;r;y; ;R;A;F; ;S;t;a;t;i;o;n
L;i;m;e;s;t;o;n;e;-;L;o;r;i;n;g; ;A;F;B
V;o;r;o;n;e;z;h;-;P;r;i;d;a;c;h;a; ;A;i;r;p;o;r;t
I;t;a;j;a;í; ;A;i;r;p;o;r;t
C;r;i;s;t;a;l;â;n;d;i;a; ;A;i;r;s;t;r;i;p
P;a;r;r;i;t;a; ; ;A;i;r;p;o;r;t
B;a;i;y;e;r; ;R;i;v;e;r; ;A;i;r;f;i;e;l;d
T;u;l;a; ;A;i;r;p;o;r;t
C;a;p;e; ;H;a;l;l;e;t;t
M;o;o;s;e; ;C;r;e;e;k; ;A;i;r;s;t;r;i;p
R;i;g;a;-;C;e;n;t;r;a;l; ;A;i;r;p;o;r;t
L;a;g;u;n;i;l;l;a;s; ;A;i;r;p;o;r;t
U;c;h;u;r
F;i;r;q; ;A;i;r;p;o;r;t
C;a;l;v;e;r;t;o;n;-;P;e;c;o;n;i;c; ;R;i;v;e;r; ;A;i;r;p;o;r;t
M;o;y;o;b;a;m;b;a; ;A;i;r;p;o;r;t
B;y;r;d; ;S;t;a;t;i;o;n
P;l;a;r;i;d;e;l; ;A;i;r;p;o;r;t
L;u;z;o;n; ;I;s;l;a;n;d;-;C;u;b;i; ;P;o;i;n;t; ;N;A;S
S;a;n; ;F;r;a;n;c;i;s;c;o;/;P;r;e;s;i;d;i;o;-;C;r;i;s;s;y; ;F;i;e;l;d
T;i;p;u;a;n;i; ;A;i;r;p;o;r;t
S;a;n;g;a;r
S;e;n;t;i;n;e;l; ;R;i;d;g;e
O;y;m;y;a;k;o;n; ;A;i;r;p;o;r;t
B;i;a;k;-;B;o;r;o;e;k;o;e; ;R;o;y;a;l; ;D;u;t;c;h; ;N;a;v;y; ;A;i;r; ;S;t;a;t;i;o;n
S;a;r;c;p;a; ;L;a;k;e; ;A;i;r;s;t;r;i;p
P;e;d;r;o; ;A;f;o;n;s;o
G;o;s;p;o;r;t;-;F;l;e;e;t;l;a;n;d;s; ;H;e;l;i;p;o;r;t
D;o;n;g; ;H;a; ;A;i;r; ;B;a;s;e
B;i;l;i;b;i;n;o; ;A;i;r;f;i;e;l;d
A;z;a;i;b;a; ;A;i;r;f;i;e;l;d
N;o;r;i;l;';s;k;-;N;e;z;h;d;a;n;n;y;j; ;A;i;r;f;i;e;l;d
A;s;h;l;a;n;d; ;R;e;g;i;o;n;a;l; ;A;i;r;p;o;r;t
C;e;r;r;o; ;S;o;m;b;r;e;r;o; ;A;i;r;p;o;r;t
D;a;k; ;T;o; ;A;i;r;f;i;e;l;d
B;u; ;H;a;f;a;f;a; ;A;i;r;f;i;e;l;d
V;i;d;e;i;r;a; ;A;i;r;p;o;r;t
H;e;r;z;o;g;e;n;a;u;r;a;c;h; ;A;i;r;p;o;r;t
G;o;r;i;s; ;A;i;r;p;o;r;t
T;a;u;r;a;m;e;n;a; ;A;i;r;p;o;r;t
P;u;e;r;t;o; ;A;y;s;e;n; ;A;i;r;p;o;r;t
K;a;l;i;m;i;k;u;i
K;a;z;a;n;-;2; ;A;i;r;p;o;r;t
I;e; ;S;h;i;m;a; ;A;i;r;f;i;e;l;d
G;r;a;n;i;t;e; ;M;o;u;n;t;a;i;n; ;A;i;r;p;o;r;t
G;i;l;a; ;B;e;n;d; ;A;F; ;A;u;x; ;A;i;r;p;o;r;t
I;l;i;g;a;n;-;M;a;r;i;a; ;C;r;i;s;t;i;n;a; ;A;i;r;p;o;r;t
A;h;l;h;o;r;n; ;A;i;r; ;B;a;s;e
H;a;w;t;h;o;r;n;e; ;A;i;r;p;o;r;t
P;a;l;m;a; ;R;o;j;a; ;A;i;r;f;i;e;l;d
U;m;b;a; ;A;i;r;p;o;r;t
K;e;n;k;i;y;a;k
O;k;h;a
G;i;a; ;V;u;c; ;A;i;r;s;t;r;i;p
M;a;n;a;w;a
A;d;e;l;a;i;d;e; ;B;a;s;e
S;h;a;c;k;l;e;t;o;n; ;G;l;a;c;i;e;r
M;a;n;b;y; ;R;A;F; ;S;t;a;t;i;o;n
B;r;e;m;e;n; ;A;i;r; ;B;a;s;e
H;o;r;l;i;c;k; ;M;o;u;n;t;a;i;n;s
K;r;a;s;n;y; ;K;u;t; ;A;i;r;p;o;r;t
P;o;r;g;e;r;a; ;A;i;r;p;o;r;t
G;r;a;v;a;t;a;i; ;A;i;r;p;o;r;t
M;u;r;m;a;n;s;k;-;K;i;l;p;y;a;v;r; ;A;i;r;p;o;r;t
H;a;d;i;b;o
K;h;a;n;t;y;-;M;a;n;s;i;y;s;k; ;A;i;r;f;i;e;l;d
L;o;n;g; ;T;i;e;n;g; ;A;i;r;s;t;r;i;p
A;n; ;K;h;e; ;A;i;r; ;B;a;s;e
V;i; ;T;h;a;n;h; ;A;i;r;s;t;r;i;p
M;e;d;f;o;r;d;-;F;l;y;i;n;g; ;W; ;A;i;r;p;o;r;t
B;o;n;g; ;S;o;n; ;L;a;n;d;i;n;g; ;Z;o;n;e
P;o;t;i; ;A;i;r;p;o;r;t
H;a;t;f;i;e;l;d; ;A;i;r;p;o;r;t
M;u;r;g;a;b; ;A;i;r;p;o;r;t
L;i;n;d;h;o;l;m;e; ;R;A;F; ;S;t;a;t;i;o;n
K;h;a;l;a;k;t;y;r;k;a; ;A;i;r;p;o;r;t
B;a;o; ;L;o;c; ;A;i;r;s;t;r;i;p
J;e;d;d;a;h; ;I;n;t;e;r;n;a;t;i;o;n;a;l; ;A;i;r;p;o;r;t
T;r;i;n;i;d;a;d; ;A;i;r;p;o;r;t
M;i;d;w;a;y; ;I;s;l;a;n;d;s; ;N;A;S
H;a;b;u;l;a;y;a
T;a;y;i;b;a;h
W;e;s;t; ;R;a;y;n;h;a;m; ;R;A;F; ;S;t;a;t;i;o;n
K;n;y;a;z;h;p;o;g;o;s;t; ;A;i;r;f;i;e;l;d
L;u;t;o;n;g; ;A;i;r;p;o;r;t
K;h;a;m; ;D;u;c; ;A;i;r;s;t;r;i;p
C;a;p;e; ;D;y;e;r; ;A;i;r;p;o;r;t
C;o;r;t;i;n;a; ;d;';A;m;p;e;z;z;o;-;F;i;a;m;e;s; ;A;i;r;p;o;r;t
Q;u;a;n;g; ;N;g;a;i; ;A;i;r;p;o;r;t
A;n; ;T;h;o;i; ;A;i;r;p;o;r;t
A;v;a;l;o;n;-;P;e;b;b;l;y; ;B;e;a;c;h; ;S;e;a;p;l;a;n;e; ;B;a;s;e
U;l;i; ;A;i;r;s;t;r;i;p
P;a;s;o; ;C;a;n;o;a;s; ;A;i;r;p;o;r;t
P;s;e;b;a;i; ;A;i;r;p;o;r;t
T;w;i;n; ;F;a;l;l;s
N;a; ;K;h;a;n;g; ;A;i;r;s;r;i;p
B;i;e;n; ;H;o;a; ;A;i;r; ;B;a;s;e
T;o;n;l;e; ;C;h;a;m; ;A;i;r;f;i;e;l;d
I;s;l;a; ;d;e;l; ;F;r;o;n;t;ó;n
O;r;i;n;g;i; ;A;i;r;p;o;r;t
V;i;n;h; ;L;o;n;g; ;A;i;r; ;B;a;s;e
G;i;a; ;N;g;h;i;a; ;A;i;r;s;t;r;i;p
K;h;e; ;S;a;n;h
P;a;i;s;a;n;o; ;R;a;n;c;h
P;r;u;d;h;o;e; ;B;a;y; ;A;i;r;p;o;r;t
S;a;n;g;l;e;y; ;P;o;i;n;t; ;N;A;S
S;h;e;r;r;a;r;d; ;B;a;y; ;A;i;r;s;t;r;i;p
G;r;i;k
C;h;i;n;a; ;L;a;k;e; ;N;A;F
H;u;s;u;m; ;S;c;h;w;e;s;i;n;g; ;A;i;r; ;B;a;s;e
V;u;n;g; ;T;a;u; ;A;i;r;p;o;r;t
E;n;c;a;m;p;m;e;n;t; ;A;-;A; ;R;a;n;c;h; ;A;i;r;p;o;r;t
I;r;s;h;a;v;a; ;A;i;r;p;o;r;t
S;l;i;d;e;l;l; ;A;i;r;p;o;r;t
F;r;u;n;z;e; ;A;i;r;p;o;r;t
L;a;g;o; ;A;g;r;i;o; ;A;i;r;p;o;r;t
U;S;S; ;C;o;n;s;t;e;l;l;a;t;i;o;n
K;h;o;v;u;-;A;k;s;y; ;A;i;r;p;o;r;t
T;i;e;n; ;P;h;u;o;c
C;a;u;c;a;y;a; ;A;i;r;s;t;r;i;p
A;g;u;a;z;u;l; ;A;i;r;p;o;r;t
R;y;a;z;a;n; ;A;i;r;p;o;r;t
S;e;g;u;n;d;o; ;C;o;r;r;a;l; ;A;i;r;p;o;r;t
E;g;v;e;k;i;n;o;t;-;Z;a;l;i;v; ;K;r;e;s;t;a; ;A;i;r;f;i;e;l;d
T;a;p;i;n;i; ;A;i;r;p;o;r;t
K;o;z;i;r;e;v;s;k; ;A;i;r;p;o;r;t
P;h;a;n; ;T;h;i;e;t; ;A;i;r;p;o;r;t
G;i;a; ;N;g;h;i;a; ;A;i;r;f;i;e;l;d
T;a;v;i;l;d;a;r;a; ;A;i;r;s;t;r;i;p
K;a;t;u;m
S;a;m;s;u;n; ;A;i;r;p;o;r;t
C;o;l;u;m;b;i;a; ;A;i;r;p;o;r;t
I;v;a;n;o;v;o;-;S;e;v;e;r;n;y; ;A;i;r; ;B;a;s;e
F;r;e;s;n;i;l;l;o
B;a;r;r;o;w;-;P;o;i;n;t; ;B;a;r;r;o;w; ;A;i;r;p;o;r;t
L;a; ;P;a;l;m;a;-;B;u;e;n;a; ;V;i;s;t;a; ;A;i;r;p;o;r;t
D;i;e;t;r;i;c;h
S;o;g;a;m;o;s;o;-;A;l;b;e;r;t;o; ;L;l;e;r;a;s; ;C;.; ;A;i;r;p;o;r;t
K;u;b;a;n; ;S;t;a;t;e; ;F;a;r;m; ;A;i;r;p;o;r;t
C;h;r;i;s;t;i;a;n;s;t;e;d; ;H;a;r;b;o;r; ;S;P;B;,; ;S;a;i;n;t; ;C;r;o;i;x
S;h;a;m;s;h;e;r;n;a;g;a;r; ;A;i;r;p;o;r;t
K;a;u;f;b;e;u;r;e;n; ;A;i;r; ;B;a;s;e
N;o;r;t;h; ;L;i;t;t;l;e; ;R;o;c;k; ;M;u;n;i;c;i;p;a;l; ;A;i;r;p;o;r;t
B;a;n; ;X;i;e;n;g; ;L;o;m; ;A;i;r;s;t;r;i;p
E;l; ;J;o;v;i; ;A;i;r;p;o;r;t
K;i;l;l;e;e;n; ;M;u;n;i;c;i;p;a;l; ;A;i;r;p;o;r;t
B;e;d;f;o;r;d;-;T;h;u;r;l;e;i;g;h; ;A;i;r;p;o;r;t
T;h;e;i;n; ;N;g;o;n
S;h;a;w;n;e;e; ;M;u;n;i;c;i;p;a;l; ;A;i;r;p;o;r;t
A;r;a;g;a;r;ç;a;s; ;A;i;r;p;o;r;t
R;e;d; ;D;e;v;i;l; ;A;i;r;p;o;r;t
P;h;a; ;K;h;a;o; ;A;i;r;s;t;r;i;p
D;Y;E; ;3; ;A;i;r;s;t;r;i;p
B;i;m;i;n;i;-;N;o;r;t;h; ;S;P;B
U;S;S; ;I;n;d;e;p;e;n;d;e;n;c;e
L;a; ;C;e;n;t;e;l;l;a
F;o;r;t; ;W;o;r;t;h;-;G;r;e;a;t;e;r; ;S;o;u;t;h;w;e;s;t; ;I;n;t;e;r;n;a;t;i;o;n;a;l; ;A;i;r;p;o;r;t
S;o;u;d;a; ;B;a;y; ;N;A;S
P;u;t;-;i;n;-;B;a;y; ;A;i;r;p;o;r;t
T;s;i;m;m;e;r;m;a;n;o;v;k;a; ;A;i;r;s;t;r;i;p
K;a;m;p;o;t; ;A;i;r;p;o;r;t
B;a;n; ;H;o;u;e;l; ;A;i;r;p;o;r;t
D;a;l;a;t;/;C;a;m;-;L;y
B;e;l;u;g;a; ;A;i;r;p;o;r;t
C;a;s;e;y
U;n;i;o;n; ;S;p;r;i;n;g;s;-;F;r;a;n;k;l;i;n; ;F;i;e;l;d; ;A;i;r;p;o;r;t
L;i;t;t;l;e; ;R;i;s;s;i;n;g;t;o;n; ;R;A;F; ;S;t;a;t;i;o;n
U;s;t;';-;B;o;l;s;h;e;r;e;t;s;k; ;A;i;r;s;t;r;i;p
S;h;a;k;h;t;y; ;A;i;r;p;o;r;t
E;n;a;r;o;t;a;l;i; ;A;i;r;p;o;r;t
S;h;e;v;c;h;e;n;k;o; ;A;i;r;p;o;r;t
M;o;n;t;e;r;r;e;y; ;A;i;r;p;o;r;t
S;o;u;t;h; ;P;o;l;e;-;A;m;u;n;d;s;e;n;-;S;c;o;t;t; ;S;t;a;t;i;o;n
K;o;n;d;i;n;s;k;o;y;e; ;A;i;r;p;o;r;t
S;a;l;a; ;P;h;o;u; ;K;o;u;n; ;A;i;r;s;t;r;i;p
K;a;z;a;c;h;i;n;s;k;o;y;e; ;A;i;r;p;o;r;t
L;a;n;c;a;s;t;e;r;-;F;a;i;r;f;i;e;l;d; ;C;o;u;n;t;y; ;A;i;r;p;o;r;t
S;a;i;n;t;-;H;o;n;o;r;é; ;A;i;r;p;o;r;t
K;o;m;p;o;n;g; ;C;h;a;m; ;A;i;r;p;o;r;t
O;a;k; ;H;a;r;b;o;r; ;A;i;r;p;o;r;t
M;o;t;a; ;A;i;r;p;o;r;t
R;e;a; ;P;o;i;n;t; ;A;i;r;f;i;e;l;d
U;s;t;-;K;u;i;g;a
L;a;j;a; ;A;i;r;p;o;r;t
K;r;a;s;n;o;y;a;r;s;k; ;S;e;v;e;r;n;y; ;A;i;r;p;o;r;t
W;h;i;t;e; ;R;i;v;e;r; ;A;i;r;p;o;r;t
P;o;i;n;t; ;H;o;p;e; ;A;i;r;p;o;r;t
A;q;a;b;a; ;A;i;r;p;o;r;t
S;v;a;y; ;R;i;e;n;g; ;A;i;r;p;o;r;t
U;a;x;a;c;t;u;n; ;A;i;r;p;o;r;t
H;a;p;p;y; ;V;a;l;l;e;y; ;C;a;m;p
D;o;r;a;d;o; ;B;e;a;c;h; ;A;i;r;p;o;r;t
R;o;c;k;w;o;o;d; ;M;u;n;i;c;i;p;a;l; ;A;i;r;p;o;r;t
T;u;l;l;a;h;o;m;a;-;N;o;r;t;h;e;r;n; ;A;i;r;p;o;r;t
D;u;n;s;f;o;l;d; ;A;i;r;p;o;r;t
C;e;r;d;a;s; ;A;i;r;p;o;r;t
A;u;b;u;r;n; ;M;u;n;i;c;i;p;a;l; ;A;i;r;p;o;r;t
L;a; ;G;r;a;n;d;e;-;L;G;-;2; ;a;i;r;s;t;r;i;p
N;o;v;g;o;r;o;d; ;A;i;r;p;o;r;t
B;a;b;i;n;e; ;L;a;k;e
L;a; ;M;a;c;a;r;e;n;a; ;A;i;r;p;o;r;t
V;i;c;t;o;r;i;a; ;H;a;r;b;o;u;r
H;o;t; ;S;p;r;i;n;g;s;-;I;n;g;a;l;l;s; ;F;i;e;l;d
O;b;o;r;s;o
C;a;r;s;o;n; ;C;i;t;y; ;A;i;r;p;o;r;t
U;d;r;i;v;i;k; ;L;a;k;e
S;e;s;h;c;h;a;-;B;r;';a;n;s;k; ;A;F;B
I;t;a;g;u;a;s;u;r;e;n;d;a; ;A;i;r;p;o;r;t
L;u;b;u;m;b;a;s;h;i;-;K;a;r;a;v;i;a; ;A;i;r;p;o;r;t
C;h;e;r;e;m;s;h;a;n; ;A;i;r;s;t;r;i;p
T;i;m;m;i;n;s;/;P;o;r;c;u;p;i;n;e; ;L;a;k;e; ;W;a;t;e;r; ;A;e;r;o;d;r;o;m;e
P;a;w;h;u;s;k;a; ;M;u;n;i;c;i;p;a;l; ;A;i;r;p;o;r;t
C;a;p;e; ;C;h;e;l;y;u;s;k;i;n; ;A;i;r;p;o;r;t
E;l; ;P;e;r;u; ;A;i;r;p;o;r;t
T;a;p;a; ;A;i;r;p;o;r;t
F;o;r;i;s;h; ;A;i;r;s;t;r;i;p
L;o;n;e; ;P;i;n;e; ;A;i;r;p;o;r;t
G;a;r;a;i;n;a; ;A;i;r;p;o;r;t
S;a;n;t;i;a;g;o; ;A;i;r;p;o;r;t
U;m; ;B;a;r;k;a; ;O;i;l; ;F;i;e;l;d; ;A;i;r;s;t;r;i;p
G;r;e;y;b;u;l;l;-;S;o;u;t;h; ;B;i;g; ;H;o;r;n; ;C;o;u;n;t;y; ;A;i;r;p;o;r;t
T;a;n;u;n;a;k
K;o;m;a;k;u;k; ;A;i;r;p;o;r;t
Y;a;b;l;u;n;i;v;k;a; ;A;i;r;s;t;r;i;p
M;a;r;e;b; ;A;i;r;p;o;r;t
K;e;y; ;L;a;r;g;o;-;P;o;r;t; ;L;a;r;g;o; ;A;i;r;p;o;r;t
K;i;n;g;s;t;o;n;-;U;p; ;P;a;r;k; ;C;a;m;p; ;A;i;r; ;B;a;s;e
D;e;g;a;h;b;u;r; ;A;i;r;p;o;r;t
A;l;m;y;r;a; ;M;u;n;i;c;i;p;a;l; ;A;i;r;p;o;r;t
P;o;r;t; ;M;a;y;a;c;a
M;a;n;a;r;i; ;A;i;r;p;o;r;t
I;n;i;g;o;k; ;A;i;r;p;o;r;t
M;a;w;s;o;n; ;S;t;a;t;i;o;n
T;a;u; ;A;i;r;p;o;r;t
D;e;a;d;h;o;r;s;e;-;A;l;p;i;n;e; ;A;i;r;s;t;r;i;p
B;u;a;-;D;a;m;a; ;A;i;r;p;o;r;t
S;e;c;h;e;l;t; ;A;i;r;p;o;r;t
S;o;u;t;h;b;a;y
L;e;n;i;n;g;r;a;d;-;R;z;h;e;v;k;a; ;A;i;r;p;o;r;t
M;c;C;o;r;m;i;c;k; ;C;o;u;n;t;y; ;A;i;r;p;o;r;t
E;r;d;e;n;e;t; ;A;i;r;p;o;r;t
K;a;m;i;n;a; ;A;i;r;p;o;r;t
C;a;r;m;e;l;i;t;a; ;A;i;r;p;o;r;t
A;t;h;o;l;-;S;i;l;v;e;r;w;o;o;d; ;A;i;r;p;o;r;t
B;a;g;h;d;a;d;-;S;a;d;d;a;m; ;I;n;t;e;r;n;a;t;i;o;n;a;l; ;A;i;r;p;o;r;t
J;a;m;b;a; ;A;i;r;p;o;r;t
P;o;p;t;u;n; ;A;i;r;p;o;r;t
B;e;r;e;z;n;i;k; ;A;i;r;p;o;r;t
V;a;l;p;a;r;a;i;s;o;-;W;a;g;n;e;r; ;F;i;e;l;d
M;a;n;y;-;H;a;r;t; ;A;i;r;p;o;r;t
O;c;e;a;n; ;C;a;y; ;A;i;r;p;o;r;t
A;n;n;a;n;b;e;r;g;-;N;o;d;a;b;u; ;A;i;r;s;t;r;i;p
K;a;r;a;d; ;A;i;r;p;o;r;t
U;s;t;-;K;u;l;o;m
D;a;h;l; ;C;r;e;e;k; ;A;i;r;p;o;r;t
H;u;e;h;u;e;t;e;n;a;n;g;o; ;A;i;r;p;o;r;t
L;a;z;o; ;A;i;r;f;i;e;l;d
C;o;c;l;e;c;i;t;o
C;a;r;u;r;ú; ;A;i;r;p;o;r;t
M;i;r;a;f;l;o;r;e;s; ;A;i;r;p;o;r;t
Z;e;y;a; ;A;i;r;p;o;r;t
V;i;l;l;a; ;O;';H;i;g;g;i;n;s; ;A;i;r;p;o;r;t
S;l;a;t;e; ;C;r;e;e;k
K;a;c;h;a; ;A;i;r; ;B;a;s;e
S;i;c;o;g;o;n; ;I;s;l;a;n;d; ;A;i;r;p;o;r;t
P;e;t;r;o;v;s;k; ;A;i;r; ;B;a;s;e
U;k;u;r;e;y; ;A;i;r; ;B;a;s;e
N;e;t;h;e;r;a;v;o;n; ;A;i;r;p;o;r;t
D;u;n;a;k;e;s;z;i; ;A;i;r;p;o;r;t
T;o;b;i;n; ;C;r;e;e;k; ;A;i;r;s;t;r;i;p
E;l; ;A;g;u;a;c;a;t;e; ;A;i;r;p;o;r;t
P;a;l;m;i;r;a; ;A;i;r;p;o;r;t
K;a;n;s;k; ;T;s;e;n;t;r;a;l;n;y; ;A;i;r;p;o;r;t
D;o;l;i;n;s;k;-;S;o;k;o;l; ;A;i;r; ;B;a;s;e
E;l; ;P;a;s;o;-;W;e;s;t; ;T;e;x;a;s; ;A;i;r;p;o;r;t
F;l;o;t;t;a; ;A;i;r;p;o;r;t
E;a;g;l;e; ;P;a;s;s;-;W;i;n;n; ;A;i;r;f;i;e;l;d
B;u;l;a
K;a;l;a;m;a;z;o;o;-;B;a;t;t;l;e; ;C;r;e;e;k; ;I;n;t;e;r;n;a;t;i;o;n;a;l; ;A;i;r;p;o;r;t;,; ;M;I; ;(;A;Z;O;/;A;Z;O;)
K;l;y;u;c;h;i; ;A;i;r; ;B;a;s;e
T;e;l;e;f;o;m;i;n; ;A;i;r;p;o;r;t
K;a;r;i;m;u;i; ;A;i;r;p;o;r;t
S;a;i;n;t; ;P;e;t;e;r;s;b;u;r;g;-;R;z;h;e;v;k;a; ;A;i;r;p;o;r;t
Z;u;m;b;a; ;A;i;r;p;o;r;t
O;p;o;l;e;/;P;o;l;s;k;a; ;N;o;w;a; ;W;i;e;s; ;A;i;r;p;o;r;t
K;r;a;s;n;o;s;e;l;k;u;p; ;A;i;r;p;o;r;t
W;e;s;t; ;F;r;e;u;g;h; ;A;i;r;p;o;r;t
O;n;e;o;n;t;a; ;M;u;n;i;c;i;p;a;l; ;A;i;r;p;o;r;t
W;i;l;t;o;n; ;A;i;r;p;o;r;t
L;a;z;u;r;n;o;y;e; ;A;i;r;p;o;r;t
S;p;a;r;t;a;-;W;h;i;t;e; ;C;o;u;n;t;y; ;A;i;r;p;o;r;t
P;e;r;r;i;s; ;V;a;l;l;e;y; ;A;i;r;p;o;r;t
Y;u;n;k;y;u;r; ;A;i;r;s;t;r;i;p
E;l;d;e;b;b;a; ;A;i;r;p;o;r;t
J;e;n;k;i;n;s;b;u;r;g
W;i;l;t;o;n; ;A;i;r;f;i;e;l;d
K;o;k;o;d;a; ;A;i;r;p;o;r;t
L;a;k;e; ;G;e;n;e;v;a; ;M;u;n;i;c;i;p;a;l; ;A;i;r;p;o;r;t
S;a;n;g;a;r; ;A;i;r;p;o;r;t
B;e;d;f;o;r;d;-;V;i;r;g;i;l; ;I; ;G;r;i;s;s;o;m; ;M;u;n;i;c;i;p;a;l; ;A;i;r;p;o;r;t
P;i;t;t;s;f;i;e;l;d; ;A;i;r;p;o;r;t
B;u;f;f;a;l;o; ;M;u;n;i;c;i;p;a;l; ;A;i;r;p;o;r;t
A;l;l;a;k;h;-;Y;u;n; ;A;i;r;p;o;r;t
L;e;d;o;v;a;y;a; ;B;a;z;a
R;a;l;e;i;g;h
L;i;m;e; ;V;i;l;l;a;g;e; ;A;i;r;p;o;r;t
A;l;b;u;q;u;e;r;q;u;e;-;K;i;r;t;l;a;n;d; ;A;F;B
M;o;c;o;r;ó;n;-;D;u;r;z;o;n;a; ;A;i;r;s;t;r;i;p
R;o;n;d;o;n; ;A;i;r;p;o;r;t
U;s;t;-;N;e;m
S;a;p;o;s;o;a; ;A;i;r;p;o;r;t
C;i;u;d;a;d; ;C;a;m;a;r;g;o; ;A;i;r;p;o;r;t
C;o;c;h;i;n; ;N;A;S
H;i;d;d;e;n; ;B;a;y; ;A;i;r;s;t;r;i;p
D;-;5;9; ;S;t;a;t;i;o;n
J;a;s;p;e;r;-;W;a;l;k;e;r; ;C;o;u;n;t;y; ;A;i;r;p;o;r;t;-;B;e;v;i;l;l; ;F;i;e;l;d
G;o;l;d; ;B;e;a;c;h; ;M;u;n;i;c;i;p;a;l; ;A;i;r;p;o;r;t
E;l; ;N;a;r;a;n;j;o; ;A;i;r;p;o;r;t
S;a;n;t;a; ;P;a;u;l;a; ;A;i;r;p;o;r;t
S;h;a;h;r;i;s;a;b;z; ;A;i;r;p;o;r;t
R;o;g;a;c;h;e;v;o; ;A;i;r; ;B;a;s;e
J;o;h;n; ;D;a;y; ;A;i;r;p;o;r;t
L;i;n;f;e;n; ;A;i;r; ;B;a;s;e
S;a;n;d;a;r;-;M;a;r;n;e;u;l;i; ;A;i;r; ;B;a;s;e
A;s;a;u; ;A;i;r;p;o;r;t
B;r;o;n;s;o;n; ;C;r;e;e;k; ;A;i;r;p;o;r;t
V;l;a;d;i;m;i;r;e;t;s; ;A;i;r;p;o;r;t
T;e;c;h;a;m;u;t;e;t;e
I;s;l;a;s; ;D;e;l; ;C;i;s;n;e; ;A;i;r;p;o;r;t
C;a;b;i;m;a;s;-;O;r;o; ;N;e;g;r;o; ;A;i;r;p;o;r;t
C;h;o;n;g;q;i;n;g; ;B;a;i;s;h;i;y;i; ;A;i;r;p;o;r;t
M;a;y;f;i;e;l;d; ;G;r;a;v;e;s; ;C;o;u;n;t;y; ;A;i;r;p;o;r;t
B;o;l;g;r;a;d;-;Z;h;o;v;t;n;e;v;e; ;A;i;r; ;B;a;s;e
F;u;n;y;i;d;o; ;r;e;f;u;g;e;e; ;c;a;m;p
N;a;n;c;h;a;n;g; ;X;i;a;n;g;t;a;n;g; ;A;i;r;p;o;r;t
Q;a;l;a; ;i; ;N;a;w; ;A;i;r;p;o;r;t
N;o;v;g;o;r;o;d;-;K;r;e;c;h;e;v;i;t;s;y; ;A;i;r;p;o;r;t
R;o;x;b;o;r;o;/;P;e;r;s;o;n; ;C;o;u;n;t;y; ;A;i;r;p;o;r;t
N;e;u;h;a;r;d;e;n;b;e;r;g;-;M;a;r;x;w;a;l;d;e; ;A;i;r; ;B;a;s;e
C;a;z;o;m;b;o; ;A;i;r;p;o;r;t
C;o;l;u;m;b;i;a;-;M;a;u;r;y; ;C;o;u;n;t;y; ;A;i;r;p;o;r;t
S;t;e;p;n;o;g;o;r;s;k; ;A;i;r;p;o;r;t
T;i;r;a;o;r;a; ;L;o;d;g;e; ;a;i;r;s;t;r;i;p
B;o;b;o;c; ;A;i;r; ;B;a;s;e
L;a;c; ;B;i;e;n;v;i;l;l;e
D;z;h;a;l;a;l;-;A;b;a;d
L;e;o;n;g;a;t;h;a
T;o;u;b;a; ;A;i;r;p;o;r;t
S;t;e;p;a;n;a;k;e;r;t; ;A;i;r;p;o;r;t
M;a;r;i;d;i; ;A;i;r;p;o;r;t
Z;a;c;a;p;ú; ;A;i;r;p;o;r;t
W;o;i;t;a;p;e; ;A;i;r;p;o;r;t
M;o;r;r;i;s;t;o;w;n;-;M;o;o;r;e;-;M;u;r;r;e;l;l; ;A;i;r;p;o;r;t
W;i;n;c;h;e;s;t;e;r; ;M;u;n;i;c;i;p;a;l; ;A;i;r;p;o;r;t
C;r;o;w;s; ;L;a;n;d;i;n;g;-;A;u;x; ;F;i;e;l;d
R;u;s;h;a;n
Y;e;l;g;a;v;a; ;A;i;r;p;o;r;t
K;o;m;s;o;m;o;l;s;k;-;n;a;-;U;s;t;y;u;r;t;e; ;A;i;r;s;t;r;i;p
C;h;i;c;o;u;t;i;m;i; ;S;t; ;H;o;n;o;r;é; ;A;i;r;p;o;r;t
R;o;m;e;o; ;S;t;a;t;e; ;A;i;r;p;o;r;t
I;n; ;G;u;e;z;z;a;m; ;A;i;r;p;o;r;t
T;o;f;i;n;o; ;S;P;B
B;a;l;a;s;h;o;v; ;A;i;r;f;i;e;l;d
V;i;c;h;y;-;R;o;l;l;a; ;N;a;t;i;o;n;a;l; ;A;i;r;p;o;r;t
G;l;e;n;v;i;e;w; ;N;a;v;a;l; ;A;i;r; ;S;t;a;t;i;o;n
S;h;e;l;o;p;u;g;i;n;o
C;a;f;u;n;f;o; ;A;i;r;p;o;r;t
T;a;i;s;h;a; ;A;i;r;p;o;r;t
C;u;m;u;a;t;i;l;l;o; ;A;i;r;s;t;r;i;p
A;p;a;t;z;i;n;g;a;n; ;A;i;r;p;o;r;t
E;k;e;t; ;a;i;r;s;t;r;i;p
M;a;r;r;o;m;e;u; ;A;i;r;p;o;r;t
B;e;l;l;a;v;i;s;t;a; ;A;i;r;p;o;r;t
E;l; ;P;o;r;v;e;n;i;r; ;A;i;r;p;o;r;t
L;y;a;k;h;s;h
M;a;n;i;t;o;w;o;c;/;N;e;w;t;o;n; ;M;u;n;i;c;i;p;a;l; ;A;i;r;p;o;r;t
S;i;l;v;e;r;t;i;p; ;L;o;d;g;e
L;a;i;k;i;p;i;a; ;A;i;r; ;B;a;s;e
E;l; ;E;s;t;r;e;c;h;o; ;A;i;r;p;o;r;t
K;o;m;o; ;A;i;r;p;o;r;t
B;a;y;k;o;v;o; ;A;i;r;p;o;r;t
K;a;m;u;s;i; ;A;i;r;p;o;r;t
H;e;i;d;e;l;b;e;r;g; ;A;i;r;p;o;r;t
P;a;t;r;i;o;t; ;H;i;l;l;s
J;o;s;u;i;a;n;i
A;m;p;u;r;i;a;b;r;a;v;a; ;A;i;r;p;o;r;t
B;i;g; ;S;a;n;d; ;L;a;k;e; ;A;i;r;p;o;r;t
D;o;u;g;l;a;s;-;D;a;l;y; ;E;x;p;e;r;i;m;e;n;t; ;S;t;a;t;i;o;n; ;A;i;r;s;t;r;i;p
B;a;m;b;u; ;A;i;r;p;o;r;t
N;i;z;h;n;e;y;a;n;s;k; ;A;i;r;p;o;r;t
T;e;m;b;o; ;A;i;r;s;t;r;i;p
W;e;s;t;o;n;-;o;n;-;t;h;e;-;G;r;e;e;n; ;R;A;F; ;S;t;a;t;i;o;n
K;h;a;r;a;s;a;v;e;y
L;a; ;E;s;p;e;r;a;n;z;a; ;A;i;r;p;o;r;t
T;u;c;u;m;a; ;A;i;r;p;o;r;t
E;d;m;o;n;t;o;n;/;V;i;l;l;e;n;e;u;v;e; ;A;i;r;p;o;r;t
G;u;l;g;u;b;i;p; ;A;i;r;p;o;r;t
A;s;t;r;a;k;h;a;n;-;P;r;i;v;o;l;z;h;s;k;i;y; ;A;i;r; ;B;a;s;e
Y;e;g;o;r;y;e;v;s;k;-;S;h;u;v;o;y;e; ;A;i;r;p;o;r;t
J;u;n;e;a;u; ;H;a;r;b;o;r; ;S;e;a;p;l;a;n;e; ;B;a;s;e
B;a;d;a; ;A;i;r; ;B;a;s;e
B;o;l;o;v;i;p; ;A;i;r;p;o;r;t
S;a;n; ;J;o;a;q;u;i;n; ;A;i;r;p;o;r;t
H;e;m;e;t;-;R;y;a;n; ;F;i;e;l;d
C;a;n;o;b;i;e; ;A;i;r;p;o;r;t
A;i;c;h;a;c;h
C;a;r;k; ;A;i;r;p;o;r;t
O;b;a;n;o; ;A;i;r;p;o;r;t
T;e;r;r;a; ;N;o;v;a; ;B;a;y;-;Z;u;c;c;h;e;l;l;i; ;S;t;a;t;i;o;n
S;e;l;b;a;n;g; ;A;i;r;p;o;r;t
P;r;u;t;h; ;B;a;y
P;r;o;v;e;d;e;n;i;a; ;A;i;r;p;o;r;t
V;e;r;k;h;o;y;a;n;s;k; ;A;i;r;p;o;r;t
C;i;u;d;a;d; ;A;l;e;m;á;n; ;A;i;r;p;o;r;t
L;a; ;P;r;i;m;a;v;e;r;a; ;A;i;r;p;o;r;t
I;n;g;l;e;s;i;d;e;-;M;c;C;a;m;p;b;e;l;l;-;P;o;r;t;e;r; ;A;i;r;p;o;r;t
T;o;o;g;o;o;l;a;w;a;h; ;A;i;r;p;o;r;t
N;e;w;t;o;n; ;M;u;n;i;c;i;p;a;l; ;A;i;r;p;o;r;t
D;a;g;u;r;a
M;e;d;o;u;n;e;u; ;A;i;r;p;o;r;t
T;a;g;u;a;t;i;n;g;a; ;A;i;r;p;o;r;t
L;u;z;i;â;n;i;a; ;A;i;r;p;o;r;t
P;a;u;n;g;a;s;s;i
T;o;b;o;l;s;k; ;A;i;r;p;o;r;t
F;a;n;e; ;A;i;r;p;o;r;t
B;u;n;d;i; ;A;i;r;p;o;r;t
B;o;m; ;J;e;s;u;s
U;s;t;-;P;a;k;h;a;c;h;i; ;A;i;r;p;o;r;t
O;s;s;o;r;a
O;k;t;y;a;b;r;s;k;y; ;A;i;r;f;i;e;l;d
L;a;c; ;M;a;n;i;t;o;u
N;i;x;o;n; ;F;o;r;k; ;M;i;n;e
B;r;o;n;z;e;w;i;n;g; ;A;i;r;p;o;r;t
M;a;r;k;h;a;m; ;B;a;y
B;a;g;u;a; ;A;i;r;p;o;r;t
S;a;n;d;y; ;B;e;a;c;h; ;L;o;d;g;e
K;a;l;i;m;a;-;K;a;k;u;n;g;w;a; ;A;i;r;p;o;r;t
A;l;l;i;f;o;r;d; ;B;a;y
K;e;n;t;y; ;L;a;k;e
M;a;r;a;w;a;k;a; ;A;i;r;p;o;r;t
F;a;z;e;n;d;a; ;M;a;t;a;r;y
L;u;b;i; ;A;i;r;s;t;r;i;p
C;a;n;c;á;b;a;l
P;l;a;y;a; ;d;e;l; ;C;a;r;m;e;n; ;A;i;r;p;o;r;t
B;o;g;u;c;h;a;n;y; ;A;i;r;p;o;r;t
S;a;n;t;a; ;M;a;r;i;a; ;d;e; ;O;t;a;e;z
K;o;s;l;a;n; ;A;i;r;f;i;e;l;d
O;f;f;e;n;b;u;r;g; ;A;i;r;p;o;r;t
S;a;n; ;V;i;c;e;n;t;e; ;d;e; ;C;h;u;c;u;r;í; ;A;i;r;p;o;r;t
L;u;z;a;m;b;a; ;A;i;r;p;o;r;t
C;a;n;e;l;a; ;A;i;r;p;o;r;t
W;e;s;t; ;M;e;m;p;h;i;s; ;M;u;n;i;c;i;p;a;l; ;A;i;r;p;o;r;t
A;b;e;r;d;e;e;n;-;M;o;n;r;o;e; ;C;o;u;n;t;y; ;A;i;r;p;o;r;t
B;o;n;d;o; ;A;i;r;p;o;r;t
R;i;o; ;S;i;d;r;a; ;A;i;r;p;o;r;t
I;s;l;a; ;d;e; ;C;e;d;r;o;s; ;A;i;r;p;o;r;t
U;v;i;r;a
S;i;m;b;a;i; ;A;i;r;p;o;r;t
G;a;n; ;G;a;n; ;A;i;r;p;o;r;t
A;b;i;d;j;a;n; ;A;i;r;p;o;r;t
E;d;e;n;t;o;n; ;M;u;n;i;c;i;p;a;l; ;A;i;r;p;o;r;t
M;u;s;c;a;t;i;n;e; ;A;i;r;p;o;r;t
M;a;n;d;a;l;g;o;b;i; ;A;i;r;p;o;r;t
K;-;5;0; ;A;i;r;p;o;r;t
F;i;s;h;e;r;s; ;I;s;l;a;n;d;-;E;l;i;z;a;b;e;t;h; ;F;i;e;l;d
S;i;l;v;e;r; ;C;i;t;y;-;G;r;a;n;t; ;C;o;u;n;t;y; ;A;i;r;p;o;r;t
O;a;k;d;a;l;e; ;A;i;r;p;o;r;t
B;o;o;u;e; ;A;i;r;p;o;r;t
N;a;s;i;r; ;A;i;r;p;o;r;t
W;a;r;r;i
H;a;m;i;l;t;o;n;-;R;a;v;a;l;l;i; ;C;o;u;n;t;y; ;A;i;r;p;o;r;t
C;h;i;g;n;i;k; ;A;i;r;p;o;r;t
L;o;n;g; ;H;a;u;l; ;L;a;k;e
T;u;r;t;k;u;l; ;A;i;r;p;o;r;t
L;o;m;a; ;B;o;n;i;t;a; ;A;i;r; ;B;a;s;e
W;a;u;k;e;s;h;a; ;A;i;r;p;o;r;t
D;a;v;i;s; ;I;n;l;e;t; ;A;i;r;p;o;r;t
K;u;w;a;i;t;-;A;h;m;e;d; ;A;l;-;J;a;b;e;r; ;A;i;r; ;B;a;s;e
R;o;g;e;r;s; ;M;u;n;i;c;i;p;a;l; ;A;i;r;p;o;r;t;-;C;a;r;t;e;r; ;F;i;e;l;d
T;u;t;n;a; ;L;a;k;e
K;a;n;d;r;i;a;n; ;A;i;r;p;o;r;t
H;a;m;b;u;r;g; ;A;e;r;o;d;r;o;m;e
P;o;r;t;h;c;u;r;n;o; ;A;i;r;s;t;r;i;p
F;o;x;t;r;o;t; ;A;i;r;s;t;r;i;p
S;a;n;t;o; ;A;n;t;ã;o; ;A;i;r;p;o;r;t
R;i;c;h;f;i;e;l;d;-;R;e;y;n;o;l;d;s; ;A;i;r;p;o;r;t
B;r;a;n;s;o;n;/;P;o;i;n;t; ;L;o;o;k;o;u;t;-;M; ;G;r;a;h;a;m; ;C;l;a;r;k; ;A;i;r;p;o;r;t
C;r;i;s;p; ;C;o;u;n;t;y;-;C;o;r;d;e;l;e; ;A;i;r;p;o;r;t
M;a;r;a; ;S;h;i;k;a; ;A;i;r;s;t;r;i;p
S;a;n;t;a; ;L;u;c;í;a; ;A;i;r; ;B;a;s;e
C;u;l;l;m;a;n;-;F;o;l;s;o;m; ;F;i;e;l;d; ;A;i;r;p;o;r;t
L;o;u;i;s;b;u;r;g;-;F;r;a;n;k;l;i;n; ;C;o;u;n;t;y; ;A;i;r;p;o;r;t
G;r;e;e;n;v;i;l;l;e; ;M;u;n;i;c;i;p;a;l; ;A;i;r;p;o;r;t
V;o;z;z;h;a;y;e;v;k;a; ;A;i;r; ;B;a;s;e
F;i;l;i;t;h;e;y;o; ;S;e;a;p;l;a;n;e; ;B;a;s;e
R;a;n;g;e;l;e;y; ;M;u;n;i;c;i;p;a;l; ;A;i;r;p;o;r;t
S;a;n; ;P;a;b;l;o;-;C;o;a;s;e;l;s;a; ;A;i;r;s;t;r;i;p
T;a;m;a;r;i;n;d;o; ;A;i;r;p;o;r;t
M;o;k;h;o;t;l;o;n;g; ;A;i;r;p;o;r;t
E;n;n;a;d;a;i; ;L;a;k;e; ;A;i;r;p;o;r;t
B;a;t;r;i; ;A;i;r;s;t;r;i;p
F;o;x; ;H;a;r;b;o;u;r; ;A;i;r;p;o;r;t
S;p;a;n;i;s;h; ;C;a;y; ;A;i;r;p;o;r;t
M;a;r;i;a;n;n;a; ;M;u;n;i;c;i;p;a;l; ;A;i;r;p;o;r;t
P;e;t;r;e;l;-;B;u;r;e;v;e;s;t;n;i;k; ;A;i;r;p;o;r;t
Y;e;l;l;o;w;k;n;i;f;e; ;W;a;t;e;r;d;r;o;m;e
R;u;t;h;e;r;f;o;r;d; ;R;a;n;c;h
L;i;m;a;-;2;5; ;a;i;r;s;t;r;i;p
C;h;i;l;a;n;g;a;-;L;o;s; ;C;o;m;a;n;d;o;s; ;A;i;r;p;o;r;t
M;o;a;n;d;a; ;A;i;r;p;o;r;t
S;a;u;l;t; ;S;t;e; ;M;a;r;i;e; ;M;u;n;i;c;i;p;a;l;-;S;a;n;d;e;r;s;o;n; ;A;i;r;p;o;r;t
B;e;a;v;e;r; ;I;s;l;a;n;d; ;A;i;r;p;o;r;t
P;i;q;u;a; ;A;i;r;p;o;r;t
O;s;a;g;e; ;B;e;a;c;h; ;A;i;r;p;o;r;t
K;a;m;p;e;n;e; ;A;i;r;p;o;r;t
T;a;m;b;o;v;o;-;M;o;r;s;h;a;n;s;k; ;A;i;r; ;B;a;s;e
D;o;n;l;i;n; ;C;r;e;e;k; ;A;i;r;s;t;r;i;p
Z;h;e;n;g;z;h;o;u; ;A;i;r; ;B;a;s;e
D;e;c;a;t;u;r;-;B;i;s;h;o;p; ;A;i;r;f;i;e;l;d
S;r;e;d;n;y;a;y;a; ;A;k;h;t;u;b;a; ;A;i;r;f;i;e;l;d
T;i;g;i;l; ;A;i;r;p;o;r;t
B;u;r;i;t;i; ;A;l;e;g;r;e; ;A;i;r;f;i;e;l;d
M;o;u;l;i;n;s;-;A;v;e;r;m;e;s; ;A;i;r;p;o;r;t
J;a;c;o;b;k;o;n;d;r;e
S;a;n;d;e;r;s;v;i;l;l;e;-;K;a;o;l;i;n; ;F;i;e;l;d; ;A;i;r;p;o;r;t
B;a;l;l;i;e;s;t;o;n; ;E;a;s;t
S;a;n;t;a; ;C;r;u;z; ;d;o; ;S;u;l; ;A;i;r;p;o;r;t
M;e;n;a; ;I;n;t;e;r;m;o;u;n;t;a;i;n; ;M;u;n;i;c;i;p;a;l; ;A;i;r;p;o;r;t
K;a;v;a;k; ;A;i;r;s;t;r;i;p
D;i;a;v;i;k; ;A;i;r;p;o;r;t
H;e;g;l;i;g; ;A;i;r;p;o;r;t
S;v;a;l;e;n;i;k; ;A;i;r;s;t;r;i;p
B;o;l;t;o;n; ;L;a;k;e; ;A;i;r;s;t;r;i;p
C;a;m;d;e;n;-;H;a;r;r;e;l;l; ;F;i;e;l;d
S;h;a;m;s;i
A;y;a;n; ;A;i;r;p;o;r;t
A;g;u;a;n;i;s;h; ;R;i;v;e;r
B;i;g; ;B;e;a;r; ;C;i;t;y; ;A;i;r;p;o;r;t
M;i;n;d;e;n;-;T;a;h;o;e; ;A;i;r;p;o;r;t
K;o;m;e
P;i;m;u; ;A;i;r;s;t;r;i;p
L;a;k;h;t;a; ;A;i;r; ;B;a;s;e
S;i;l;i;m;o
T;e;r;v;e;l; ;A;i;r;s;t;r;i;p
M;u;y;o;w;a;s;i;-;M;u;r;u;n;g;u; ;A;i;r;s;t;r;i;p
E;v;e;l;e;t;h;-;V;i;r;g;i;n;i;a; ;M;u;n;i;c;i;p;a;l; ;A;i;r;p;o;r;t
M;o;z;d;o;k; ;A;i;r; ;B;a;s;e
D;e;x;t;e;r; ;R;e;g;i;o;n;a;l; ;A;i;r;p;o;r;t
C;o;t;t;a;g;e; ;G;r;o;v;e; ;S;t;a;t;e; ;A;i;r;p;o;r;t
U;r;i;m;a;n; ;A;i;r;p;o;r;t
P;o;r;t;o; ;B;e;l;o; ;F;a;r;m
B;a;d;i;r;a;g;u;a;t;o; ;A;i;r;p;o;r;t
S;a;n; ;A;n;g;e;l;o;-;D;u;c;o;t;e; ;A;i;r;p;a;r;k
L;a;s; ;P;o;t;r;a;n;c;a;s; ;R;a;n;c;h; ;A;i;r;s;t;r;i;p
U;l;u; ;m;i;n;e; ;s;t;r;i;p
K;o;h;a;t; ;A;i;r;p;o;r;t
E;k;e;r;e;k;u; ;A;i;r;p;o;r;t
B;r;a;s;s;c;h;a;a;t; ;A;i;r; ;B;a;s;e
A;m;a;k;i;n;s;k;a;y;a
S;r;e;d;n;y; ;I;s;l;a;n;d
G;e;o;r;g;e; ;L;a;k;e
M;å;l;ö;g;a
A;d;a;r; ;Y;e;l; ;A;i;r;s;t;r;i;p
L;a;r;a;n;d;i;a; ;A;i;r; ;B;a;s;e
B;o;r;k;i; ;A;i;r;p;o;r;t
P;a;t;t;a;y;a; ;A;i;r;p;o;r;t
E;d;e;n; ;L;a;k;e
D;h;a;a;l;u; ;A;t;o;l;l
D;a;y;t;o;n;a; ;B;e;a;c;h;-;S;p;r;u;c;e; ;C;r;e;e;k; ;A;i;r;p;o;r;t
A;y;o;d; ;A;i;r;s;t;r;i;p
E;l; ;J;a;g;u;e;y
O;n;o;n;g;e; ;A;i;r;p;o;r;t
K;l;e;i;n;’;s; ;C;a;m;p; ;A;i;r;s;t;r;i;p
E;s;n;a;g;i; ;L;a;k;e
U;o;n;q;u;e;n; ;A;i;r;p;o;r;t
P;l;a;c;e;n;c;i;a; ;A;i;r;p;o;r;t
M;e;n;z;e;l; ;L;e;j;m;a;t; ;N;o;r;t;h
Ø;s;t;r;e; ;Æ;r;a; ;A;i;r;p;o;r;t
S;e;i;a; ;A;i;r;p;o;r;t
F;o;r;t; ;V;e;r;m;i;l;i;o;n; ;A;i;r;p;o;r;t
U;t;i;c;a;-;O;n;e;i;d;a; ;C;o;u;n;t;y; ;A;i;r;p;o;r;t
G;w;i;n;n;e;r;-;R;o;g;e;r; ;M;e;l;r;o;e; ;F;i;e;l;d; ;A;i;r;p;o;r;t
S;h;a;b;u;n;d;a; ;A;i;r;p;o;r;t
W;a;l;i;k;a;l;e; ;A;i;r;s;t;r;i;p
S;a;n; ;C;a;r;l;o;s; ;d;e; ;R;í;o; ;N;e;g;r;o; ;A;i;r;p;o;r;t
V;a;r;a;n;d;e;y
R;i;t;t;m;a;n;-;H;i;l;t;y; ;F;i;e;l;d
O;l;d; ;B;r;i;d;g;e; ;A;i;r;p;o;r;t
R;i;o; ;N;e;g;r;o
S;e;b;y;a;n
U;d;s;k;o;y;e; ;A;i;r;s;t;r;i;p
M;a;t;e;m;o; ;A;i;r;p;o;r;t
S;a;r;m;i; ;A;i;r;p;o;r;t
B;l;a;c;h;f;o;r;d; ;L;a;k;e
I;t;a;i;t;u;b;a;-;F;a;z;e;n;d;a; ;V;e;r;a; ;P;a;z; ;A;i;r;p;o;r;t
L;a;k;e; ;J;o;h;n;s;t;o;n; ;A;i;r;p;o;r;t
R;a;p;i;d; ;L;a;k;e
P;e;c;o;n;i;c; ;B;a;y
W;o;b;e;g;o;n; ;A;i;r;s;t;r;i;p
A;i;n;s;w;o;r;t;h; ;A;i;r;p;o;r;t
B;u;t;e;m;b;o; ;A;i;r;p;o;r;t
M;u;k;a;l;l;a; ;A;i;r;p;o;r;t
P;r;i;v;a;c;i;o;n; ;A;i;r;s;t;r;i;p
B;a;l;a;d; ;A;i;r; ;B;a;s;e
O;l;d; ;F;a;n;g;a;k
P;a;p;e;l;ó;n
M;e;s;q;u;i;t;e; ;A;i;r;p;o;r;t
L;a;c; ;L;a; ;B;i;c;h;e; ;A;i;r;p;o;r;t
C;u;i;l;c;o
R;o;s;e;b;u;r;g; ;M;u;n;i;c;i;p;a;l; ;A;i;r;p;o;r;t
A;t;l;a;n;t;i;c; ;C;i;t;y;-;B;a;d;e;r; ;F;i;e;l;d
S;t;.; ;C;a;t;h;e;r;i;n;e;';s; ;I;s;l;a;n;d
T;e;r;s;k;y
C;a;r;a;t; ;L;a;k;e
B;u;n;a;g;o;k; ;A;i;r;s;t;r;i;p
L;e;o;n;a;r;d;t;o;w;n;-;S;a;i;n;t; ;M;a;r;y;';s; ;C;o;u;n;t;y; ;A;i;r;p;o;r;t
K;o;z;l;o;v;e;t;s
P;u;n;t;a; ;P;á;j;a;r;o;s; ;A;i;r;s;t;r;i;p
B;e;n;n;i;n;g;t;o;n;-;W;i;l;l;i;a;m; ;H;.; ;M;o;r;s;e; ;S;t;a;t;e; ;A;i;r;p;o;r;t
K;e;n;a;n;a; ;A;i;r;s;t;r;i;p
M;u;r;f;r;e;e;s;b;o;r;o; ;M;u;n;i;c;i;p;a;l; ;A;i;r;p;o;r;t
A;l;e;k; ;A;i;r;s;t;r;i;p
T;a;i;y;n;s;h;a; ; ;A;i;r;p;o;r;t
A;r;a;n;c;h;i; ;A;i;r;s;t;r;i;p
K;a;m;o;n;y;a
H;a;y;d;o;m
S;p;a;n;i;s;h; ;F;o;r;k;-;S;p;r;i;n;g;v;i;l;l;e; ;A;i;r;p;o;r;t
N;z;o;v;u; ;A;i;r;p;o;r;t
W;e;s;t; ;P;o;i;n;t; ;I;s;l;a;n;d
B;u;r;n;s;v;i;l;l;e;-;M;o;u;n;t;a;i;n; ;A;i;r; ;A;i;r;p;o;r;t
A;m;i;s;i; ;A;i;r;p;o;r;t
M;e;l;g;a;r; ;A;i;r; ;B;a;s;e
B;e;r;n;e;r;s; ;B;a;y
M;a;r;s;a;b;i;t; ;A;i;r;p;o;r;t
Z;w;e;d;r;u; ;A;i;r;p;o;r;t
S;u;l;l;i;v;a;n; ;R;e;g;i;o;n;a;l; ;A;i;r;p;o;r;t
B;e;b;i; ;A;i;r;s;t;r;i;p
B;a;n;d;a;n;a;i;r;a; ;A;i;r;p;o;r;t
P;i;e; ;d;e; ;l;a; ;C;u;e;s;t;a; ;A;i;r; ;B;a;s;e
G;r;a;i;n; ;V;a;l;l;e;y;-;E;a;s;t; ;K;a;n;s;a;s; ;C;i;t;y; ;A;i;r;p;o;r;t
M;a;m;i;t; ;A;i;r;p;o;r;t
C;o;n;w;a;y;-;D;e;n;n;i;s; ;F;.; ;C;a;n;t;r;e;l;l; ;F;i;e;l;d
B;e;r;b;e;g;a;m;a;u; ;A;i;r;s;t;r;i;p
S;e;l;w;a;y; ;L;o;d;g;e; ;A;i;r;s;t;r;i;p
G;u;a;d;a;l;c;a;n;a;l; ;A;i;r;s;t;r;i;p
K;o;p;i;n;a;n;g; ;A;i;r;f;i;e;l;d
P;a;m;p;a; ;H;e;r;m;o;s;a; ;A;i;r;p;o;r;t
D;i;l;l;o;n; ;A;i;r;p;o;r;t
A;n;t;a;b;a;r;e; ;A;i;r;p;o;r;t
J;u;n;d;i;a;í; ;A;i;r;p;o;r;t
B;u;t;l;e;r; ;C;o;u;n;t;y;/;K;.; ;W;.; ;S;c;h;o;l;t;e;r; ;F;i;e;l;d; ;A;i;r;p;o;r;t
M;o;u;n;t; ;H;a;l;e; ;A;i;r;p;o;r;t
M;a;s;i;n;d;i; ;A;i;r;p;o;r;t
A;c;a;r;i;c;u;a;r;a; ;A;i;r;p;o;r;t
S;a;n;g;a;t;a;-;T;a;n;j;u;n;g; ;B;a;r;a; ;A;i;r;p;o;r;t
S;a;n;d;y; ;B;a;y; ;A;i;r;p;o;r;t
U;r;i;b;e; ;A;i;r;p;o;r;t
L;a; ;T;o;r;t;u;g;a;-;P;u;n;t;a; ;D;e;l;g;a;d;a; ;A;i;r;p;o;r;t
K;a;y;e;n;t;a;-;P;e;a;b;o;d;y; ;B;e;d;a;r;d; ;F;i;e;l;d; ;A;i;r;p;o;r;t
M;e;l;i;n;k;a; ;A;i;r;p;o;r;t
B;o;g;o;r;-;A;t;a;n;g; ;S;e;n;j;a;y;a; ;A;i;r; ;B;a;s;e
O;w;a;t;o;n;n;a; ;A;i;r;p;o;r;t
N;i;z;h;n;y;a;y;a; ;P;e;s;h;a; ;A;i;r;p;o;r;t
B;r;i;d;g;e;w;a;t;e;r; ;A;i;r; ;P;a;r;k
L;a; ;J;u;n;t;a; ;A;i;r;p;o;r;t
M;a;t;h;i;a;n;g; ;A;i;r;f;i;e;l;d
G;r;e;e;n;s;b;u;r;g;-;D;e;c;a;t;u;r; ;C;o;u;n;t;y; ;A;i;r;p;o;r;t
A;d;a;a;r;a;n; ;C;l;u;b; ;B;a;t;h;a;l;a; ;(;N;o;r;t;h; ;A;r;i; ;A;t;o;l;l;)
E;l; ;E;s;t;o;r; ;A;i;r;p;o;r;t
T;e;r;e;s;i;t;a; ;A;i;r;p;o;r;t
L;a;c; ;d;u; ;B;o;n;n;e;t; ;(;N;o;r;t;h;); ;S;P;B
L;a;w;a;-;A;n;t;i;n;o; ;A;i;r;p;o;r;t
N;y;a;l;a; ;L;o;d;g;e; ;A;i;r;s;t;r;i;p
B;i;l;o;g;a;i;/;S;u;g;a;p;a; ;A;i;r;p;o;r;t
L;e;w;i;s;t;o;w;n;-;S;h;a;r;p;e; ;F;a;r;m;s; ;A;i;r;p;o;r;t
B;r;o;o;k;s;v;i;l;l;e;-;H;e;r;n;a;n;d;o; ;C;o;u;n;t;y; ;A;i;r;p;o;r;t
G;r;y;t;t;j;o;m
S;a;r;i;f;-;U;m;r;a; ;A;i;r;s;t;r;i;p
U;m;g;a;l;a;l;a; ;A;i;r;s;t;r;i;p
P;o;r;t;o; ;S;e;g;u;r;o;-;T;e;r;r;a;v;i;s;t;a; ;G;o;l;f; ;C;l;u;b; ;A;i;r;p;o;r;t
G;u;r;i;';e;l; ;A;i;r;s;t;r;i;p
B;o;m;a; ;A;i;r;s;t;r;i;p
P;a;m;a;l;i;c;a;n; ;I;s;l;a;n;d; ;A;i;r;p;o;r;t
S;a;r;a;t;o;g;a; ;S;p;r;i;n;g;s;-;S;a;r;a;t;o;g;a; ;C;o;u;n;t;y; ;A;i;r;p;o;r;t
T;o;n;y; ;C;a;m;p
T;o;n;j; ;A;i;r;f;i;e;l;d
I;s;a;b;e;l;-;P;a;s;a;r; ;A;i;r;s;t;r;i;p
D;e;s;c;h;a;m;b;e;a;u;l;t; ;L;a;k;e
S;e;o;n;g;m;u; ;A;i;r; ;B;a;s;e
M;a;c;o;n;a;c;o;n; ;A;i;r;p;o;r;t
H;a;l;a;v;e;l;i; ;I;s;l;a;n;d; ;R;e;s;o;r;t
S;e;r;u;i;-;S;u;d;j;a;r;w;o; ;T;j;o;n;d;r;o;n;e;g;o;r;o; ;A;i;r;p;o;r;t
S;a;n;t;a; ;I;s;a;b;e;l; ;A;i;r;p;o;r;t
M;u;k;i;n;g;e; ;A;i;r;p;o;r;t
K;o;o;l;a;n; ;I;s;l;a;n;d; ;A;i;r;p;o;r;t
S;e;n;a;d;o;r; ;J;o;s;é; ;P;o;r;f;í;r;i;o;-;W;i;l;m;a; ;R;e;b;e;l;o; ;A;i;r;f;i;e;l;d
N;u;s;h;a;g;a;k; ;R;i;v;e;r;-;s;p;o;r;t; ;f;i;s;h;i;n;g; ;c;a;m;p
G;u;e;r;i;m;a; ;A;i;r;p;o;r;t
M;o;b;a; ;A;i;r;p;o;r;t
S;o;r;o;c;h;i;n;s;k;i;y; ;A;i;r;s;t;r;i;p
Z;a;l;i;n;g;e;i; ;A;i;r;p;o;r;t
B;h;i;t; ;A;i;r;f;i;e;l;d
A;r;l;i;t; ;A;i;r;p;o;r;t
B;i;s;c;a;r;r;o;s;s;e;/;P;a;r;e;n;t;i;s; ;S;P;B
J;e;f;f;e;r;s;o;n;v;i;l;l;e;-;C;l;a;r;k; ;R;e;g;i;o;n;a;l; ;A;i;r;p;o;r;t
K;e;a;r;n;e;y; ;R;e;g;i;o;n;a;l; ;A;i;r;p;o;r;t
O;l;d; ;H;a;r;b;o;r; ;A;i;r;p;o;r;t
Y;a;n;g;a;d;o;u; ;M;i;n;e; ;A;i;r;s;t;r;i;p
A;l;-;A;n;a;d; ;A;i;r; ;B;a;s;e
T;a;l;c;h;a; ;A;i;r;p;o;r;t
Z;a;s;o;v;k;a;y;a; ;A;i;r;s;t;r;i;p
R;a;c;k;l;a; ;A;i;r;s;t;r;i;p
M;a;p;l;e; ;C;r;e;e;k; ;A;i;r;p;o;r;t
P;o;m; ;P;o;m; ;C;a;m;p; ;A;i;r;s;t;r;i;p
K;a;s;b;a; ;L;a;k;e; ;A;i;r;p;o;r;t
G;o;u;l;i;m;i;m;e; ;A;i;r;p;o;r;t
K;u;t;a;c;a;n;e;-;A;l;a;s; ;L;e;u;s;e;r; ;A;i;r;p;o;r;t
K;i;e;l;c;e;-;M;a;s;l;?;w; ;A;i;r;p;o;r;t
B;a;r;a;n;i;k;o;v;s;k;y; ;A;i;r;f;i;e;l;d
W;a;l;a;n; ;R;a;b;a;t; ;L;a;n;d;i;n;g; ;Z;o;n;e
N;z;a;r;a; ;A;i;r;f;i;e;l;d
W;a;r;r;o;a;d; ;A;i;r;p;o;r;t
L;a;r;a;t;-;W;a;t;i;d;a;r; ;A;i;r;p;o;r;t
P;o;r;t; ;K;a;i;t;u;m;a; ;A;i;r;p;o;r;t
L;u;s;e;n;g;e; ;A;i;r;f;i;e;l;d
K;e;n;y;a;m; ;A;i;r;s;t;r;i;p
C;l;a;y;t;o;n; ;C;o;u;n;t;y; ;A;i;r;p;o;r;t;-;T;a;r;a; ;F;i;e;l;d
B;o;m;n;a;k; ;A;i;r;f;i;e;l;d
M;u;s;i;a;r;a; ;A;i;r;s;t;r;i;p
N;a;m;o;y;a; ;A;i;r;s;t;r;i;p
N;o;v;o;l;a;z;a;r;e;v;s;k;a;y;a; ;S;t;a;t;i;o;n
N;i;f;t;y; ;A;i;r;p;o;r;t
D;o;r;o; ;A;i;r;s;t;r;i;p
Y;a;m;b;i;o; ;A;i;r;p;o;r;t
T;a;s;i;a;s;t; ;G;o;l;d; ;M;i;n;e; ;A;i;r;s;t;r;i;p
D;e;p;u;t;a;t;s;k;i;y; ;A;i;r;p;o;r;t
L;i;b;b;y; ;A;i;r;p;o;r;t
B;o;l;s;h;o;e; ;G;r;y;z;l;o;v;o; ;A;i;r;p;o;r;t
S;a;s;e;r;e;m;e; ;A;i;r;s;t;r;i;p
G;r;e;e;n;w;o;o;d; ;C;o;u;n;t;y; ;A;i;r;p;o;r;t
M;a;c;o;n; ;D;o;w;n;t;o;w;n; ;A;i;r;p;o;r;t
Y;u;g;o;r;s;k;-;2; ;A;i;r;f;i;e;l;d
T;a;n;a;y; ;A;i;r;f;i;e;l;d
C;o;n;r;a;d; ;M;a;l;d;i;v;i;a;n; ;R;e;s;o;r;t;,; ;R;a;n;g;a;l;i;,; ;A;l;i;f;u; ;D;h;a;a;l;u; ;A;t;o;l;l
Y;i;d;a; ;A;i;r;s;t;r;i;p
F;r;a;n;k;l;i;n;-;M;a;c;o;n; ;C;o;u;n;t;y; ;A;i;r;p;o;r;t
L;a;s; ;M;a;l;v;i;n;a;s; ;A;i;r;s;t;r;i;p
P;w;e;t;o; ;A;i;r;p;o;r;t
T;a;l;o;d;i
B;o;r;o;d;y;a;n;k;a; ;A;i;r;f;i;e;l;d
P;o;r;t;e;r;v;i;l;l;e; ;A;i;r;p;o;r;t
P;u;r;a;r;i; ;A;i;r;s;t;r;i;p
S;a;m;a;r;g;a; ;A;i;r;f;i;e;l;d
O;m;e;g;a; ;A;i;r;p;o;r;t
T;a;s;h; ;K;u;m;y;r; ;A;i;r;s;t;r;i;p
B;a;d;a;m;i; ;A;i;r;p;o;r;t
K;a;m;a;k;o; ;A;i;r;s;t;r;i;p
B;e;a;r; ;M;o;u;n;t;a;i;n; ;L;o;d;g;e; ;A;i;r;s;t;r;i;p
C;o;o;k;s;t;o;w;n; ;A;i;r;p;o;r;t
W;i;c;h;i;t;a;-;C;o;l;o;n;e;l; ;J;a;m;e;s; ;J;a;b;a;r;a; ;A;i;r;p;o;r;t
G;e;b;e; ;A;i;r;p;o;r;t
M;a;t;t;h;e;w;s; ;R;i;d;g;e; ;A;i;r;p;o;r;t
U;g;u;l;e;t; ;A;i;r;p;o;r;t
P;i;a;s; ;A;i;r;p;o;r;t
I;v;a;n;h;o;e; ;L;a;k;e
N;e;w; ;B;r;a;u;n;f;e;l;s; ;R;e;g;i;o;n;a;l; ;A;i;r;p;o;r;t
B;a;l;e;s;i;n; ;A;i;r;s;t;r;i;p
F;e;r;t;ö;s;z;e;n;t;m;i;k;l;ó;s; ;A;i;r;p;o;r;t
P;o;g;a;p;a
A;r;u;a;n;ã; ;A;i;r;p;o;r;t
O;l;s;z;t;y;n;/;D;a;j;t;k;i; ;A;i;r;p;o;r;t
K;a;m;a
V;a;r;r;e;l;b;u;s;c;h; ;A;i;r;p;o;r;t
G;r;y;a;z;i; ;A;i;r;f;i;e;l;d
O;b;o;-;A;I;M; ;A;i;r;f;i;e;l;d
P;a;n;y;a;g;o;r; ;A;i;r;s;t;r;i;p
C;a;r;m;e;l;o;/;Z;a;g;a;r;z;a;z;ú; ;I;n;t;e;r;n;a;t;i;o;n;a;l; ;A;i;r;p;o;r;t
R;u;b;k;o;n;a; ;A;i;r;p;o;r;t
K;a;r;i;s;p;a;r;u; ;A;i;r;p;o;r;t
E;l;k; ;C;i;t;y;-;R;e;g;i;o;n;a;l; ;B;u;s;i;n;e;s;s; ;A;i;r;p;o;r;t
P;r;o;t;o;t;s;k;i;y;e; ;A;i;r;s;t;r;i;p
M;o;n;k;e;y; ;M;o;u;n;t;a;i;n; ;A;i;r;p;o;r;t
D;a;y;t;o;n;-;M;a;r;k; ;A;n;t;o;n; ;A;i;r;p;o;r;t
L;y;d;e;n;b;u;r;g
L;a;d;o;w;i;s;k;o; ;C;h;r;c;y;n;n;o; ;A;i;r;f;i;e;l;d
S;w;i;k;s;h;a;k; ;R;i;v;e;r
K;u;r;e;d;u; ;I;s;l;a;n;d; ;R;e;s;o;r;t;,; ;L;h;a;v;i;y;a;n;i; ;A;t;o;l;l
B;a;r;n;e;o; ;C;a;m;p; ;I;c;e;s;t;r;i;p
M;a;r;g;a;r;e;e; ;A;i;r;p;o;r;t
S;h;a;t;y;r;k;u;l; ;M;i;n;e
R;e;d; ;W;i;n;g; ;R;e;g;i;o;n;a;l; ;A;i;r;p;o;r;t
B;a;l;e;d;o;g;l;e; ;A;i;r;f;i;e;l;d
M;a;n;d;e;n;g; ;A;i;r;s;t;r;i;p
O;y;o;n;n;a;x;-;A;r;b;e;n;t; ;A;i;r;f;i;e;l;d
M;o;c;u;b;a; ;A;i;r;s;t;r;i;p
T;a;s;e;y;e;v;o; ;A;i;r;p;o;r;t
D;u;b;a;i;-;P;a;l;m; ;D;r;o;p; ;Z;o;n;e; ;A;i;r;s;t;r;i;p
D;u;b;a;i;-;S;k;y;d;i;v;e; ;D;u;b;a;i; ;C;a;m;p;u;s; ;A;i;r;p;o;r;t
A;z;o;v; ;A;i;r;f;i;e;l;d
G;o;a;-;I;N;S; ;H;a;n;s;a
K;e;z;h;m;a; 
L;o;u;i;s;b;u;r;g;-;N;o;r;t;h; ;R;a;l;e;i;g;h; ;A;i;r;p;o;r;t
D;u;b;n;i;c;a; ;A;i;r;p;o;r;t
K;e;t;c;h;i;k;a;n; ;H;a;r;b;o;r; ;S;e;a;p;l;a;n;e; ;B;a;s;e
A;b;u; ;a;d;h; ;D;h;u;h;u;r; ;A;i;r; ;B;a;s;e
B;a;r;y;u;l;g;i;l; ;A;i;r;s;t;r;i;p
N;o;v;o;p;o;k;r;o;v;s;k;o;y;e; ;A;i;r;s;t;r;i;p
H;o;m;e;r;-;B;e;l;u;g;a; ;L;a;k;e; ;S;e;a;p;l;a;n;e; ;B;a;s;e
J;u;r;a;d;ó; ;A;i;r;p;o;r;t
D;e;x;t;e;r; ;M;u;n;i;c;i;p;a;l; ;A;i;r;p;o;r;t
P;u;e;r;t;o; ;M;o;n;t;t;-;M;a;r;c;e;l; ;M;a;r;c;h;a;n;t; ;A;i;r;p;o;r;t
L;o;d;i; ;A;i;r;p;o;r;t
B;o;r; ;A;i;r;p;o;r;t
L;o;l;a;t; ;A;i;r;s;t;r;i;p
O;r;l;a;n;d;o; ;A;p;o;p;k;a; ;A;i;r;p;o;r;t
C;h;a;n;c;e; ;B;a;y;,; ;W;h;i;t;s;u;n;d;a;y; ;I;s;l;a;n;d
K;r;a;s;n;o;y;a;r;s;k;-;M;a;n;s;k;ý; ;A;i;r;f;i;e;l;d
B;a;l;d;w;i;n; ;A;i;r;p;o;r;t
F;e;n;t;r;e;s;s; ;A;i;r;p;a;r;k
M;o;o;r;h;e;a;d; ;M;u;n;i;c;i;p;a;l; ;A;i;r;p;o;r;t
R;o;t;h;e;r;a; ;P;o;i;n;t; ;A;i;r;p;o;r;t
D;u;n;n;e;l;l;o;n;/;M;a;r;i;o;n; ;C;o;u;n;t;y; ;A;i;r;p;o;r;t
M;a;n;n;i;n;g; ;A;i;r;p;o;r;t
S;i;n;a;k; ;A;i;r;p;o;r;t
M;u;l;i;n;o; ;S;t;a;t;e; ;A;i;r;p;o;r;t
M;a;z;a;m;a;r;i;-;M;a;n;u;e;l; ;P;r;a;d;o; ;U;g;a;r;t;e;c;h;e; ;A;i;p;o;r;t
E;a;s;t; ;H;a;m;p;t;o;n; ;A;i;r;p;o;r;t
E;t;e;r;i;n;g;b;a;n;g; ;A;i;r;p;o;r;t
E;l;b;e;r;d;e; ;A;i;r;s;t;r;i;p
G;a;r;b;a;h;a;r;e;y; ;A;i;r;p;o;r;t
T;e;l;e;g;i;n; ;F;a;r;m; ;A;i;r;s;t;r;i;p
E;a;g;l;e; ;P;a;s;s;-;M;a;v;e;r;i;c;k; ;C;o;u;n;t;y; ;A;i;r;p;o;r;t
I;l;l;e;r;t;i;s;s;e;n; ;A;i;r;f;i;e;l;d
M;a;b;a;n; ;A;i;r;s;t;r;i;p
P;u;n;t;a; ;G;o;r;d;a; ;A;i;r;p;o;r;t
S;e;r;p;e;n;t;i;n;e; ;A;i;r;p;o;r;t
U;S;S; ;R;o;n;a;l;d; ;R;e;a;g;a;n
C;h;e;r;n;o;y;e; ;A;i;r;p;o;r;t
H;o;w;e;l;l;-;L;i;v;i;n;g;s;t;o;n; ;C;o;u;n;t;y; ;S;p;e;n;c;e;r; ;J;.; ;H;a;r;d;y; ;A;i;r;p;o;r;t
L;a; ;P;a;r;a;g;u;a; ;A;i;r;p;o;r;t
Y;a;l;o;w;e;g;a; ;L;a;k;e; ;I;c;e; ;S;t;r;i;p
H;a;r;u;t;a; ;A;i;r;p;o;r;t
L;o;b;o; ;W;i;l;d;l;i;f;e; ;L;o;d;g;e; ;A;i;r;s;t;r;i;p
A;z;r;a;q;-;M;u;w;a;f;f;a;q; ;S;a;l;t;i; ;A;i;r; ;B;a;s;e
N;e;l;k;a;n; ;A;i;r;p;o;r;t
N;i;z;h;n;e;u;d;i;n;s;k
Y;i;r;o;l; ;A;i;r;s;t;r;i;p
B;e;o;g;a; ;A;i;r;s;t;r;i;p
B;a;t;h;u;r;s;t; ;H;a;r;b;o;u;r; ;A;i;r;p;o;r;t
C;l;o;n;b;u;l;l;o;g;u;e; ;A;e;r;o;d;r;o;m;e
E;l;i;z;a;b;e;t;h; ;C;i;t;y; ;C;o;a;s;t; ;G;u;a;r;d; ;A;i;r; ;S;t;a;t;i;o;n
B;e;a;v;e;r; ;I;s;l;a;n;d; ;A;i;r;s;t;r;i;p
J;e;q;u;i;t;a;í;-;F;a;z;e;n;d;a; ;F;o;r;t;a;l;e;z;a; ;d;e; ;S;a;n;t;a; ;T;e;r;e;z;i;n;h;a; ;A;i;r;p;o;r;t
S;a;n; ;F;e;l;i;p;e; ;A;i;r;p;o;r;t
S;e;d;a;l;i;a; ;A;i;r;p;o;r;t
M;a;r;i;o;n; ;A;i;r;p;o;r;t
L;a;l;g;a;r;h; ;A;i;r;p;o;r;t
K;e;t;c;h;i;k;a;n;-;W;a;t;e;r;f;r;o;n;t; ;S;P;B
L;é;r;o; ;A;i;r;s;t;r;i;p
G;a;r;d;i;n;e;r; ;A;i;r;p;o;r;t
K;i;c;h;w;a; ;T;e;m;b;o; ;A;i;r;s;t;r;i;p
S;a;n; ;S;a;l;v;a;d;o;r; ;d;e; ;P;a;ú;l; ;A;i;r;s;t;r;i;p
C;e;d;a;r;t;o;w;n;-;P;o;l;k; ;C;o;u;n;t;y; ;A;i;r;p;o;r;t
O;x; ;R;a;n;c;h; ;A;i;r;p;o;r;t; ;,;T;X
H;a;k;a;i; ;P;a;s;s; ;S;e;a;p;l;a;n;e; ;B;a;s;e
A;l;i;g;a;r;h; ;A;i;r;p;o;r;t
M;e;c;h;u;k;a; ;A;d;v;a;n;c;e;d; ;L;a;n;d;i;n;g; ;G;r;o;u;n;d
C;a;n;d;l;e; ;2; ;A;i;r;p;o;r;t
C;o;m;a;n;d;a;n;t;e; ;N;i;c;a;n;o;r; ;O;t;a;m;e;n;d;i;-;E;s;t;a;n;c;i;a; ;L;a; ;V;e;n;a;n;c;i;a
A;y;a;c;a;r;a; ;A;i;r;p;o;r;t
E;l;i;z;a;b;e;t;h;t;o;n; ;M;u;n;i;c;i;p;a;l; ;A;i;r;p;o;r;t
P;e;p;p;e;r;e;l;l; ;A;i;r;p;o;r;t
P;l;a;n;t; ;C;i;t;y;-;B;l;a;c;k;w;a;t;e;r; ;C;r;e;e;k; ;U;l;t;r;a;l;i;g;h;t; ;F;l;i;g;h;t;p;a;r;k
J;o;a;q;u;í;n; ;V;.; ;G;o;n;z;á;l;e;z;-;A;g;r;o;p;e;c;u;a;r;i;a; ;R;í;o; ;J;u;r;a;m;e;n;t;o; ;A;i;r;s;t;r;i;p
M;o;n;o;n;g;a;h;e;l;a;-;R;o;s;t;r;a;v;e;r; ;A;i;r;p;o;r;t
O;k;l;a;h;o;m;a; ;C;i;t;y;-;S;u;n;d;a;n;c;e; ;A;i;r;p;a;r;k
G;m;u;n;d;e;n; ;A;i;r;f;i;e;l;d
F;a;k;h;r;a;b;a;d; ;A;i;r;f;i;e;l;d
S;a;i;n;t;-;E;s;p;r;i;t; ;A;e;r;o;d;r;o;m;e
L;g;o;v; ;A;i;r;s;t;r;i;p
M;i;s;r;a;t;a; ;I;n;t;e;r;n;a;t;i;o;n;a;l; ;A;i;r;p;o;r;t
G;r;a;n;n;y; ;S;m;i;t;h; ;A;i;r;p;o;r;t
G;r;a;n;s;e;e; ;A;i;r;f;i;e;l;d
K;a;n;c;h;a;n;a;b;u;r;i;-;S;u;r;a;s;i; ;A;i;r; ;B;a;s;e
M;a;r;a;ú;-;B;a;r;r;a; ;G;r;a;n;d;e; ;A;i;r;p;o;r;t
H;a;m;i;l;t;o;n;-;M;a;r;i;o;n; ;C;o;u;n;t;y; ;A;i;r;p;o;r;t
G;r;u;m;e;t;i; ;G;a;m;e; ;R;e;s;e;r;v;e;-;K;i;r;a;w;i;r;a; ;B; ;A;e;r;o;d;r;o;m;e
M;i;y;a;n;m;i;n; ;A;i;r;s;t;r;i;p
Y;e;n;k;i;s;a; ;A;i;r;s;t;r;i;p
F;o;r;t; ;L;a;n;g;l;e;y; ;A;i;r;p;o;r;t;,; ;B;C; ;(;C;B;Q;2;)
B;e;l;m;a;r;/;F;a;r;m;i;n;g;d;a;l;e;-;M;o;n;m;o;u;t;h; ;E;x;e;c;u;t;i;v;e; ;A;i;r;p;o;r;t
A;k;s;u;a;t; ;A;i;r;p;o;r;t
